Product Name,Price,Rating,Reviews,Product URL,Image URL,Brand
Samsung Galaxy A26 Dual SIM 5G 256GB/8GB Mobile Phone – Pink,"EGP 13,999.00",,3 out of 5(2),https://www.jumia.com.eg/samsung-galaxy-a26-dual-sim-5g-256gb8gb-mobile-phone-pink-131618226.html,https://eg.jumia.is/unsafe/fit-in/300x300/filters:fill(white)/product/62/2816131/1.jpg?5011,Samsung
XIAOMI Redmi A3x - 6.7 Inch 128GB/4GB Dual SIM 4G Mobile Phone - Midnight Black,"EGP 4,650.00",,3.7 out of 5(12),https://www.jumia.com.eg/xiaomi-redmi-a3x-6.7-inch-128gb4gb-dual-sim-4g-mobile-phone-midnight-black-131438010.html,https://eg.jumia.is/unsafe/fit-in/300x300/filters:fill(white)/product/01/0834131/1.jpg?2161,XIAOMI
XIAOMI Redmi Note 14 - Dual SIM 4G 256GB/8GB Mobile Phone - Midnight Black,"EGP 9,679.00",,5 out of 5(2),https://www.jumia.com.eg/xiaomi-redmi-note-14-dual-sim-4g-256gb8gb-mobile-phone-midnight-black-130836296.html,https://eg.jumia.is/unsafe/fit-in/300x300/filters:fill(white)/product/69/2638031/1.jpg?8344,XIAOMI
Nokia 3 - 5.0-inch 16GB/2GB Dual SIM 4G Mobile Phone - Silver White - Silver White,"EGP 3,599.00",,4 out of 5(2),https://www.jumia.com.eg/nokia-3-5.0-inch-16gb2gb-dual-sim-4g-mobile-phone-silver-white-silver-white-24057210.html,https://eg.jumia.is/unsafe/fit-in/300x300/filters:fill(white)/product/01/275042/1.jpg?7623,Nokia
Samsung A06 - 6.7 Inch 128GB/6GB Dual SIM 4G Mobile Phone - Light Blue,"EGP 5,799.00",,4 out of 5(45),https://www.jumia.com.eg/a06-6.7-inch-128gb6gb-dual-sim-4g-mobile-phone-light-blue-samsung-mpg3818093.html,https://eg.jumia.is/unsafe/fit-in/300x300/filters:fill(white)/product/13/5040031/1.jpg?0382,Samsung
XIAOMI Redmi Note 14 Pro - 6.6 Inch 512GB/12GB Dual SIM 4G Mobile Phone - Midnight Black,"EGP 16,994.00",,4 out of 5(4),https://www.jumia.com.eg/xiaomi-redmi-note-14-pro-6.6-inch-512gb12gb-dual-sim-4g-mobile-phone-midnight-black-130936439.html,https://eg.jumia.is/unsafe/fit-in/300x300/filters:fill(white)/product/93/4639031/1.jpg?9543,XIAOMI
Infinix Hot 50i - 6.7 Inch - Dual SIM Mobile Phone 4G 256GB/8GB+8GB - Sage Green,"EGP 5,700.00",,5 out of 5(3),https://www.jumia.com.eg/infinix-hot-50i-6.7-inch-dual-sim-mobile-phone-4g-256gb8gb8gb-sage-green-130966933.html,https://eg.jumia.is/unsafe/fit-in/300x300/filters:fill(white)/product/33/9669031/1.jpg?2534,Infinix
"realme Note 50 - 6.7"" 64GB/3GB Dual SIM 4G Mobile Phone - Sky Blue","EGP 4,799.00",,4.7 out of 5(3),https://www.jumia.com.eg/realme-note-50-6.7-64gb3gb-dual-sim-4g-mobile-phone-sky-blue-130934627.html,https://eg.jumia.is/unsafe/fit-in/300x300/filters:fill(white)/product/72/6439031/1.jpg?1724,realme
OPPO A3x Dual SIM 4G 64GB/4GB Mobile Phone - Nebula Red,"EGP 5,800.00",,2 out of 5(2),https://www.jumia.com.eg/oppo-a3x-dual-sim-4g-64gb4gb-mobile-phone-nebula-red-132999186.html,https://eg.jumia.is/unsafe/fit-in/300x300/filters:fill(white)/product/68/1999231/1.jpg?9205,OPPO
"Honor X6c Dual SIM 4G Smartphone – 128GB Storage, 6GB RAM – Midnight Black","EGP 5,699.00",,5 out of 5(3),https://www.jumia.com.eg/honor-x6c-dual-sim-4g-smartphone-128gb-storage-6gb-ram-midnight-black-133130993.html,https://eg.jumia.is/unsafe/fit-in/300x300/filters:fill(white)/product/39/9031331/2.jpg?8133,Honor
Samsung Galaxy A26 Dual SIM 5G 128GB/6GB Mobile Phone - Pink,"EGP 11,599.00",,,https://www.jumia.com.eg/samsung-galaxy-a26-dual-sim-5g-128gb6gb-mobile-phone-pink-131618223.html,https://eg.jumia.is/unsafe/fit-in/300x300/filters:fill(white)/product/32/2816131/1.jpg?4980,Samsung
Samsung A06 - 6.7 Inch 128GB/6GB Dual SIM 4G Mobile Phone - Light Blue,"EGP 5,870.00",,,https://www.jumia.com.eg/samsung-a06-6.7-inch-128gb6gb-dual-sim-4g-mobile-phone-light-blue-132033134.html,https://eg.jumia.is/unsafe/fit-in/300x300/filters:fill(white)/product/43/1330231/1.jpg?7045,Samsung
OPPO A3x - Dual SIM 4G 128GB/4GB Mobile Phone - Ocean Blue,"EGP 6,940.00",,1 out of 5(1),https://www.jumia.com.eg/oppo-a3x-dual-sim-4g-128gb4gb-mobile-phone-ocean-blue-130837394.html,https://eg.jumia.is/unsafe/fit-in/300x300/filters:fill(white)/product/49/3738031/1.jpg?7803,OPPO
XIAOMI Poco C75 - 6.88-inch 8GB/256GB Dual Sim 4G Mobile Phone - Black,"EGP 6,270.00",,4.3 out of 5(38),https://www.jumia.com.eg/poco-c75-6.8-256gb8gb-dual-sim-4g-mobile-phone-black-xiaomi-mpg3818373.html,https://eg.jumia.is/unsafe/fit-in/300x300/filters:fill(white)/product/85/7749921/1.jpg?4765,XIAOMI
Samsung Galaxy A36 Dual SIM 5G 128GB/8GB Mobile Phone - Awesome Black,"EGP 14,999.00",,5 out of 5(2),https://www.jumia.com.eg/galaxy-a36-dual-sim-5g-128gb8gb-mobile-phone-awesome-black-samsung-mpg3844010.html,https://eg.jumia.is/unsafe/fit-in/300x300/filters:fill(white)/product/36/9896131/1.jpg?2360,Samsung
XIAOMI Redmi 14C - 6.88-inch 8GB/256GB Dual Sim 4G Mobile Phone - Midnight Black,"EGP 6,890.00",,3.5 out of 5(13),https://www.jumia.com.eg/redmi-14c-6.88-inch-8gb256gb-dual-sim-4g-mobile-phone-midnight-black-xiaomi-mpg3818422.html,https://eg.jumia.is/unsafe/fit-in/300x300/filters:fill(white)/product/15/5101321/1.jpg?4506,XIAOMI
"Samsung Galaxy A05s Dual SIM, 128 GB, 6 GB RAM, 4G LTE - Black","EGP 6,060.00",,5 out of 5(1),https://www.jumia.com.eg/samsung-galaxy-a05s-dual-sim-128-gb-6-gb-ram-4g-lte-black-132060675.html,https://eg.jumia.is/unsafe/fit-in/300x300/filters:fill(white)/product/57/6060231/1.jpg?8143,Samsung
"Honor X9c Smart 12GB/256GB - 6.8""  Dual SIM 5G Mobile Phone -Ocean Cyan","EGP 18,252.00",,5 out of 5(3),https://www.jumia.com.eg/honor-x9c-smart-12gb256gb-6.8-dual-sim-5g-mobile-phone-ocean-cyan-132116111.html,https://eg.jumia.is/unsafe/fit-in/300x300/filters:fill(white)/product/11/1611231/1.jpg?9492,Honor
Infinix Hot 50I X6531 256+8 Sleek Black,"EGP 5,450.00",,5 out of 5(2),https://www.jumia.com.eg/infinix-hot-50i-x6531-2568-sleek-black-130966931.html,https://eg.jumia.is/unsafe/fit-in/300x300/filters:fill(white)/product/13/9669031/1.jpg?2423,Infinix
XIAOMI Redmi 13 Dual SIM 4G 256GB/8GB Mobile Phone - Midnight Black 6.5 Inch,"EGP 7,074.00",,5 out of 5(1),https://www.jumia.com.eg/xiaomi-redmi-13-dual-sim-4g-256gb8gb-mobile-phone-midnight-black-6.5-inch-130228890.html,https://eg.jumia.is/unsafe/fit-in/300x300/filters:fill(white)/product/09/8822031/1.jpg?3145,XIAOMI
OPPO A3 Dual SIM 4G 256GB/8GB Mobile Phone - Starry Purple,"EGP 9,680.00",,2.5 out of 5(2),https://www.jumia.com.eg/oppo-a3-dual-sim-4g-256gb8gb-mobile-phone-starry-purple-132999439.html,https://eg.jumia.is/unsafe/fit-in/300x300/filters:fill(white)/product/93/4999231/1.jpg?7684,OPPO
realme C75 - 6.7 Inch 128GB/8GB Dual SIM 4G Mobile Phone - Storm Black,"EGP 9,299.00",,3.3 out of 5(3),https://www.jumia.com.eg/realme-c75-6.7-inch-128gb8gb-dual-sim-4g-mobile-phone-storm-black-130922330.html,https://eg.jumia.is/unsafe/fit-in/300x300/filters:fill(white)/product/03/3229031/1.jpg?1977,realme
"Infinix Hot 50i (RAM: 6+6GB, ROM: 128GB ),6.7 Inch, 120Hz IPS LCD Display, Processor: Mediatek Helio G81, 5000 MAhBattery, Android 14, Saga Green","EGP 5,000.00",,5 out of 5(2),https://www.jumia.com.eg/hot-50i-ram-66gb-rom-128gb-6.7-inch-120hz-ips-lcd-display-processor-mediatek-helio-g81-5000-mahbattery-android-14-saga-green-infinix-mpg3845129.html,https://eg.jumia.is/unsafe/fit-in/300x300/filters:fill(white)/product/16/5611231/1.jpg?0326,Infinix
XIAOMI Redmi 14C - 6.88-inch 6GB/128GB Dual Sim 4G Mobile Phone - Starry Blue,"EGP 6,120.00",,4 out of 5(10),https://www.jumia.com.eg/redmi-14c-6.8-128gb6gb-dual-sim-4g-mobile-phone-starry-blue-xiaomi-mpg3818418.html,https://eg.jumia.is/unsafe/fit-in/300x300/filters:fill(white)/product/95/3101321/1.jpg?3666,XIAOMI
XIAOMI Poco C75 Dual SIM 4G 256GB/8GB Mobile Phone - Black 6.7 Inch,"EGP 6,237.00",,5 out of 5(1),https://www.jumia.com.eg/xiaomi-poco-c75-dual-sim-4g-256gb8gb-mobile-phone-black-6.7-inch-130143334.html,https://eg.jumia.is/unsafe/fit-in/300x300/filters:fill(white)/product/43/3341031/1.jpg?7983,XIAOMI
"OPPO A3x - 6.6"" 128GB/4GB Dual SIM 4G Mobile Phone - Nebula Red","EGP 6,858.00",,4.4 out of 5(20),https://www.jumia.com.eg/mobile-a3x-dual-sim-128gb-4gb-ram-4g-lte-nebula-red-oppo-mpg3818340.html,https://eg.jumia.is/unsafe/fit-in/300x300/filters:fill(white)/product/11/2115911/1.jpg?4049,OPPO
Vivo V50 Lite 4G - 256GB/8GB - Green,"EGP 11,999.00",,2 out of 5(1),https://www.jumia.com.eg/vivo-v50-lite-4g-256gb8gb-green-132116492.html,https://eg.jumia.is/unsafe/fit-in/300x300/filters:fill(white)/product/29/4611231/1.jpg?1456,Vivo
Vivo Y29 - 6.6 Inch 128GB/8GB Dual SIM 4G Mobile Phone - Brown,"EGP 8,099.00",,,https://www.jumia.com.eg/vivo-y29-6.6-inch-128gb8gb-dual-sim-4g-mobile-phone-brown-132116487.html,https://eg.jumia.is/unsafe/fit-in/300x300/filters:fill(white)/product/78/4611231/1.jpg?1473,Vivo
XIAOMI Redmi 14C - 6.88-inch 6GB/128GB Dual Sim 4G Mobile Phone - Midnight Black,"EGP 6,120.00",,4 out of 5(2),https://www.jumia.com.eg/redmi-14c-6.88-inch-6gb128gb-dual-sim-4g-mobile-phone-midnight-black-xiaomi-mpg3818419.html,https://eg.jumia.is/unsafe/fit-in/300x300/filters:fill(white)/product/70/3101321/1.jpg?3484,XIAOMI
OPPO A3 - Dual SIM 4G 128GB/6GB Mobile Phone - Sparkle Black,"EGP 8,150.00",,,https://www.jumia.com.eg/oppo-a3-dual-sim-4g-128gb6gb-mobile-phone-sparkle-black-130836290.html,https://eg.jumia.is/unsafe/fit-in/300x300/filters:fill(white)/product/09/2638031/1.jpg?8344,OPPO
XIAOMI Redmi Note 14 - Dual SIM 4G 256GB/8GB Mobile Phone - Ocean Blue,"EGP 10,200.00",,5 out of 5(1),https://www.jumia.com.eg/xiaomi-redmi-note-14-dual-sim-4g-256gb8gb-mobile-phone-ocean-blue-130836294.html,https://eg.jumia.is/unsafe/fit-in/300x300/filters:fill(white)/product/49/2638031/1.jpg?8344,XIAOMI
Samsung Galaxy A16 - 6.7-inch 8GB/256GB Dual Sim 4G - Mobile Phone - Black,"EGP 9,750.00",,3 out of 5(2),https://www.jumia.com.eg/mobile-galaxy-a16-dual-sim-256gb-8gb-ram-4g-lte-black-samsung-mpg3818561.html,https://eg.jumia.is/unsafe/fit-in/300x300/filters:fill(white)/product/92/9547621/1.jpg?0964,Samsung
Infinix MOBILE Hot 50 Dual SIM  8+8GB RAM 256GB 4G - Titanium Grey,"EGP 15,000.00",,4.8 out of 5(5),https://www.jumia.com.eg/infinix-mobile-hot-50-dual-sim-88gb-ram-256gb-4g-titanium-grey-130264885.html,https://eg.jumia.is/unsafe/fit-in/300x300/filters:fill(white)/product/58/8462031/1.jpg?5706,Infinix
Samsung Galaxy A05s Mobile Phone - 6.7 Inches - Dual SIM 4G 128GB/6GB - Light Violet,"EGP 6,048.00",,4.1 out of 5(31),https://www.jumia.com.eg/galaxy-a05s-mobile-phone-6.7-inches-dual-sim-4g-128gb6gb-light-violet-samsung-mpg3818730.html,https://eg.jumia.is/unsafe/fit-in/300x300/filters:fill(white)/product/18/1471001/1.jpg?6608,Samsung
realme Note 60x - 6.74 Inch 128GB-4GB Dual SIM 4G Mobile Phone - Marble Black,"EGP 5,390.00",,4.3 out of 5(4),https://www.jumia.com.eg/realme-note-60x-6.74-inch-128gb-4gb-dual-sim-4g-mobile-phone-marble-black-130862524.html,https://eg.jumia.is/unsafe/fit-in/300x300/filters:fill(white)/product/42/5268031/1.jpg?9066,realme
OPPO A3x - Dual SIM 4G 128GB/4GB Mobile Phone - Nebula Red,"EGP 6,730.00",,1 out of 5(1),https://www.jumia.com.eg/oppo-a3x-dual-sim-4g-128gb4gb-mobile-phone-nebula-red-130836292.html,https://eg.jumia.is/unsafe/fit-in/300x300/filters:fill(white)/product/29/2638031/1.jpg?8344,OPPO
"Samsung Galaxy A16 Dual SIM 4G 256GB/8GB Mobile Phone -Black 6.7 Inch With Wall Charger, 25 Watt, Type-C, Black - EP-T2510NBEGWW","EGP 10,240.00",,5 out of 5(3),https://www.jumia.com.eg/samsung-galaxy-a16-dual-sim-4g-256gb8gb-mobile-phone-black-6.7-inch-with-wall-charger-25-watt-type-c-black-ep-t2510nbegww-132041802.html,https://eg.jumia.is/unsafe/fit-in/300x300/filters:fill(white)/product/20/8140231/1.jpg?9526,Samsung
"Motorola MOBILE Moto G35 Dual Sim 256GB , 8+16GB RAM  , 5G , BLACK","EGP 7,922.00",,3 out of 5(3),https://www.jumia.com.eg/motorola-mobile-moto-g35-dual-sim-256gb-816gb-ram-5g-black-129805661.html,https://eg.jumia.is/unsafe/fit-in/300x300/filters:fill(white)/product/16/6508921/1.jpg?1050,Motorola
"OPPO Reno 13F - 6.67"" 256GB/8GB Dual SIM 4G Mobile Phone - Graphite Grey","EGP 16,092.00",,,https://www.jumia.com.eg/oppo-reno-13f-6.67-256gb8gb-dual-sim-4g-mobile-phone-graphite-grey-130198671.html,https://eg.jumia.is/unsafe/fit-in/300x300/filters:fill(white)/product/17/6891031/1.jpg?3424,OPPO
Samsung Galaxy A06 - 6.7-inch 6GB/128GB Dual Sim 4G - Mobile Phone - Light Blue,"EGP 6,090.00",,,https://www.jumia.com.eg/samsung-galaxy-a06-6.7-inch-6gb128gb-dual-sim-4g-mobile-phone-light-blue-130123164.html,https://eg.jumia.is/unsafe/fit-in/300x300/filters:fill(white)/product/46/1321031/1.jpg?3546,Samsung
Tecno Spark 30 Pro Mobile Phone – Dual SIM – 4G – 256GB – 8GB RAM – Arctic Glow,"EGP 9,899.00",,,https://www.jumia.com.eg/tecno-spark-30-pro-mobile-phone-dual-sim-4g-256gb-8gb-ram-arctic-glow-133540696.html,https://eg.jumia.is/unsafe/fit-in/300x300/filters:fill(white)/product/69/6045331/1.jpg?5952,Tecno
Tecno Spark Go 1 Mobile Phone – Dual SIM – 4G – 64GB – 3GB RAM – Startrail Black,"EGP 3,999.00",,,https://www.jumia.com.eg/tecno-spark-go-1-mobile-phone-dual-sim-4g-64gb-3gb-ram-startrail-black-133540688.html,https://eg.jumia.is/unsafe/fit-in/300x300/filters:fill(white)/product/88/6045331/1.jpg?5854,Tecno
Tecno Spark 30 Mobile Phone – Dual SIM – 4G – 256GB – 8GB RAM – Stellar Shadow,"EGP 7,299.00",,,https://www.jumia.com.eg/tecno-spark-30-mobile-phone-dual-sim-4g-256gb-8gb-ram-stellar-shadow-133540693.html,https://eg.jumia.is/unsafe/fit-in/300x300/filters:fill(white)/product/39/6045331/1.jpg?5925,Tecno
Tecno Spark 30 Pro Mobile Phone – Dual SIM – 4G – 256GB – 8GB RAM – Obsidian Edge,"EGP 9,899.00",,,https://www.jumia.com.eg/tecno-spark-30-pro-mobile-phone-dual-sim-4g-256gb-8gb-ram-obsidian-edge-133540695.html,https://eg.jumia.is/unsafe/fit-in/300x300/filters:fill(white)/product/59/6045331/1.jpg?6002,Tecno
Tecno Spark Go 1 Mobile Phone – Dual SIM – 4G – 64GB – 3GB RAM – Glittery White,"EGP 3,999.00",,,https://www.jumia.com.eg/tecno-spark-go-1-mobile-phone-dual-sim-4g-64gb-3gb-ram-glittery-white-133540689.html,https://eg.jumia.is/unsafe/fit-in/300x300/filters:fill(white)/product/98/6045331/1.jpg?5893,Tecno
Tecno Spark 30C Mobile Phone – Dual SIM – 4G – 256GB – 8GB RAM – Orbit Black,"EGP 6,399.00",,,https://www.jumia.com.eg/tecno-spark-30c-mobile-phone-dual-sim-4g-256gb-8gb-ram-orbit-black-133540691.html,https://eg.jumia.is/unsafe/fit-in/300x300/filters:fill(white)/product/19/6045331/1.jpg?5913,Tecno
Tecno Spark Go 1 Mobile Phone – Dual SIM – 4G – 128GB – 4GB RAM – Startrail Black,"EGP 4,399.00",,,https://www.jumia.com.eg/tecno-spark-go-1-mobile-phone-dual-sim-4g-128gb-4gb-ram-startrail-black-133540686.html,https://eg.jumia.is/unsafe/fit-in/300x300/filters:fill(white)/product/68/6045331/1.jpg?5806,Tecno
Tecno Spark 30C Mobile Phone – Dual SIM – 4G – 256GB – 8GB RAM – Orbit White,"EGP 6,500.00",,,https://www.jumia.com.eg/tecno-spark-30c-mobile-phone-dual-sim-4g-256gb-8gb-ram-orbit-white-133540692.html,https://eg.jumia.is/unsafe/fit-in/300x300/filters:fill(white)/product/29/6045331/1.jpg?5988,Tecno
Tecno Spark Go 1 Mobile Phone – Dual SIM – 4G – 128GB – 4GB RAM – Glittery White,"EGP 4,399.00",,,https://www.jumia.com.eg/tecno-spark-go-1-mobile-phone-dual-sim-4g-128gb-4gb-ram-glittery-white-133540687.html,https://eg.jumia.is/unsafe/fit-in/300x300/filters:fill(white)/product/78/6045331/1.jpg?5831,Tecno
Tecno Spark Go 1 Mobile Phone – Dual SIM – 4G – 64GB – 3GB RAM – Magic Skin Green,"EGP 3,999.00",,,https://www.jumia.com.eg/tecno-spark-go-1-mobile-phone-dual-sim-4g-64gb-3gb-ram-magic-skin-green-133540690.html,https://eg.jumia.is/unsafe/fit-in/300x300/filters:fill(white)/product/09/6045331/1.jpg?5936,Tecno
Tecno Spark 30 Mobile Phone – Dual SIM – 4G – 256GB – 8GB RAM – Astral Ice,"EGP 7,299.00",,,https://www.jumia.com.eg/tecno-spark-30-mobile-phone-dual-sim-4g-256gb-8gb-ram-astral-ice-133540694.html,https://eg.jumia.is/unsafe/fit-in/300x300/filters:fill(white)/product/49/6045331/1.jpg?5967,Tecno
XIAOMI Poco C75 - 6.88-inch 8GB/256GB Dual Sim 4G Mobile Phone - Gold,"EGP 6,340.00",,4.3 out of 5(9),https://www.jumia.com.eg/poco-c75-6.8-256gb8gb-dual-sim-4g-mobile-phone-gold-xiaomi-mpg3818375.html,https://eg.jumia.is/unsafe/fit-in/300x300/filters:fill(white)/product/87/7749921/1.jpg?5005,XIAOMI
"OPPO Reno 13F - 6.67"" 256GB/12GB Dual SIM 5G Mobile Phone - Purple","EGP 19,872.00",,3.7 out of 5(3),https://www.jumia.com.eg/oppo-reno-13f-6.67-256gb12gb-dual-sim-5g-mobile-phone-purple-130201798.html,https://eg.jumia.is/unsafe/fit-in/300x300/filters:fill(white)/product/89/7102031/1.jpg?7624,OPPO
Samsung Galaxy A36 5G - 6.7-inch 8GB-256GB Dual Sim - Mobile Phone - Awesome Back,"EGP 17,444.00",,,https://www.jumia.com.eg/samsung-galaxy-a36-5g-6.7-inch-8gb-256gb-dual-sim-mobile-phone-awesome-back-132555946.html,https://eg.jumia.is/unsafe/fit-in/300x300/filters:fill(white)/product/64/9555231/1.jpg?4514,Samsung
Vivo Y29 - 6.6 Inch 128GB/8GB Dual SIM 4G Mobile Phone - Elegant White,"EGP 8,099.00",,,https://www.jumia.com.eg/vivo-y29-6.6-inch-128gb8gb-dual-sim-4g-mobile-phone-elegant-white-132116486.html,https://eg.jumia.is/unsafe/fit-in/300x300/filters:fill(white)/product/68/4611231/1.jpg?1472,Vivo
Samsung Galaxy A06 - 6.7-inch 4GB/64GB Dual Sim 4G - Mobile Phone - Black,"EGP 4,830.00",,5 out of 5(1),https://www.jumia.com.eg/samsung-galaxy-a06-6.7-inch-4gb64gb-dual-sim-4g-mobile-phone-black-130123147.html,https://eg.jumia.is/unsafe/fit-in/300x300/filters:fill(white)/product/74/1321031/1.jpg?2226,Samsung
OPPO A3x Dual SIM 4G 64GB/4GB Mobile Phone - Ocean Blue,"EGP 5,810.00",,,https://www.jumia.com.eg/oppo-a3x-dual-sim-4g-64gb4gb-mobile-phone-ocean-blue-132999430.html,https://eg.jumia.is/unsafe/fit-in/300x300/filters:fill(white)/product/03/4999231/1.jpg?0847,OPPO
"ZTE Nubia Neo 2 Dual SIM, 256GB, 8GB RAM, 5G - Storm Grey","EGP 11,220.00",,,https://www.jumia.com.eg/zte-nubia-neo-2-dual-sim-256gb-8gb-ram-5g-storm-grey-133114371.html,https://eg.jumia.is/unsafe/fit-in/300x300/filters:fill(white)/product/17/3411331/1.jpg?3623,ZTE
"Honor X9c Smart 12GB/256GB - 6.8""  Dual SIM 5G Mobile Phone -moonlight White","EGP 18,252.00",,5 out of 5(1),https://www.jumia.com.eg/honor-x9c-smart-12gb256gb-6.8-dual-sim-5g-mobile-phone-moonlight-white-130604127.html,https://eg.jumia.is/unsafe/fit-in/300x300/filters:fill(white)/product/72/1406031/1.jpg?5931,Honor
"OPPO Mobile A5 Pro, 4G,Dual SIM, 256 GB, 8 GB RAM ,Olive Green","EGP 11,837.00",,5 out of 5(1),https://www.jumia.com.eg/oppo-mobile-a5-pro-4gdual-sim-256-gb-8-gb-ram-olive-green-131372212.html,https://eg.jumia.is/unsafe/fit-in/300x300/filters:fill(white)/product/21/2273131/1.jpg?8044,OPPO
"XIAOMI Redmi Note 14, 4G Dual SIM 8GB RAM 256GB -  Midnight Black","EGP 20,000.00",,5 out of 5(6),https://www.jumia.com.eg/xiaomi-redmi-note-14-4g-dual-sim-8gb-ram-256gb-midnight-black-130205341.html,https://eg.jumia.is/unsafe/fit-in/300x300/filters:fill(white)/product/14/3502031/1.jpg?9009,XIAOMI
"OPPO A3x - 6.6"" 64GB/4GB Dual SIM 4G Mobile Phone- Nebula Red","EGP 5,886.00",,4.7 out of 5(6),https://www.jumia.com.eg/a3x-6.67-inch-64gb4gb-dual-sim-4g-mobile-phone-nebula-red-oppo-mpg3818341.html,https://eg.jumia.is/unsafe/fit-in/300x300/filters:fill(white)/product/16/3638121/1.jpg?5466,OPPO
Vivo V50 Lite 5G - 256GB/12GB - Gold,"EGP 15,320.00",,4.3 out of 5(3),https://www.jumia.com.eg/vivo-v50-lite-5g-256gb12gb-gold-132116495.html,https://eg.jumia.is/unsafe/fit-in/300x300/filters:fill(white)/product/59/4611231/1.jpg?1467,Vivo
realme Note 60x - 6.74 Inch 128GB-4GB Dual SIM 4G Mobile Phone - Wilderness Green,"EGP 5,390.00",,4 out of 5(6),https://www.jumia.com.eg/realme-note-60x-6.74-inch-128gb-4gb-dual-sim-4g-mobile-phone-wilderness-green-130862673.html,https://eg.jumia.is/unsafe/fit-in/300x300/filters:fill(white)/product/37/6268031/1.jpg?2484,realme
Samsung Galaxy A05s Mobile Phone - 6.7 inches - Dual SIM 4G 128GB/6GB - Silver,"EGP 6,048.00",,4.5 out of 5(2),https://www.jumia.com.eg/samsung-galaxy-a05s-mobile-phone-6.7-inches-dual-sim-4g-128gb6gb-silver-130130470.html,https://eg.jumia.is/unsafe/fit-in/300x300/filters:fill(white)/product/07/4031031/1.jpg?6134,Samsung
"realme 14 Pro Dual SIM, 256GB, 12GB RAM, 5G - Pearl White","EGP 21,420.00",,,https://www.jumia.com.eg/realme-14-pro-dual-sim-256gb-12gb-ram-5g-pearl-white-133525471.html,https://eg.jumia.is/unsafe/fit-in/300x300/filters:fill(white)/product/17/4525331/1.jpg?7642,realme
Infinix Hot 50i - 6.7 Inch - Dual SIM Mobile Phone 4G 128GB/6GB - Sleek Black,"EGP 5,157.00",,5 out of 5(6),https://www.jumia.com.eg/hot-50i-6.7-inch-dual-sim-mobile-phone-4g-128gb6gb-sleek-black-infinix-mpg3818225.html,https://eg.jumia.is/unsafe/fit-in/300x300/filters:fill(white)/product/31/5960031/1.jpg?4823,Infinix
"Samsung Galaxy S24 Ultra - 6.8"" 256GB/12GB Dual SIM 5G Mobile Phone - Titanium Black","EGP 48,600.00",,5 out of 5(3),https://www.jumia.com.eg/galaxy-s24-ultra-6.8-12gb-ram-256gb-rom-200mp-5000mah-titanium-blac-5000mah-titanium-blac-titanium-black-samsung-mpg3818586.html,https://eg.jumia.is/unsafe/fit-in/300x300/filters:fill(white)/product/69/1265701/1.jpg?9970,Samsung
Samsung Galaxy A06 - 6.7-inch 4GB/64GB Dual Sim 4G - Mobile Phone - Light Blue,"EGP 4,830.00",,3.7 out of 5(3),https://www.jumia.com.eg/samsung-galaxy-a06-6.7-inch-4gb64gb-dual-sim-4g-mobile-phone-light-blue-130123167.html,https://eg.jumia.is/unsafe/fit-in/300x300/filters:fill(white)/product/76/1321031/1.jpg?3725,Samsung
"Samsung Galaxy A16 Dual SIM 4G 128GB/4GB Mobile Phone - Black 6.7 Inch With Wall Charger, 25 Watt, Type-C, Black - EP-T2510NBEGWW","EGP 7,760.00",,1 out of 5(1),https://www.jumia.com.eg/samsung-galaxy-a16-dual-sim-4g-128gb4gb-mobile-phone-black-6.7-inch-with-wall-charger-25-watt-type-c-black-ep-t2510nbegww-132041006.html,https://eg.jumia.is/unsafe/fit-in/300x300/filters:fill(white)/product/60/0140231/1.jpg?9522,Samsung
XIAOMI Redmi 13 - 6.79-inch 256GB/8GB Dual SIM Mobile Phone - Pink,"EGP 7,550.00",,4.2 out of 5(9),https://www.jumia.com.eg/redmi-13-6.79-inch-256gb8gb-dual-sim-mobile-phone-pink-xiaomi-mpg3818414.html,https://eg.jumia.is/unsafe/fit-in/300x300/filters:fill(white)/product/67/1127721/1.jpg?8737,XIAOMI
Samsung Galaxy A05s - 6.5-inch 4GB/64GB Dual Sim 4G Mobile Phone - Black,"EGP 5,360.00",,4.2 out of 5(67),https://www.jumia.com.eg/galaxy-a05s-6.7-64gb4gb-dual-sim-4g-mobile-phone-black-samsung-mpg3818073.html,https://eg.jumia.is/unsafe/fit-in/300x300/filters:fill(white)/product/81/9500321/1.jpg?5606,Samsung
"XIAOMI Redmi A5 Dual SIM, 128GB, 4GB RAM, 4G LTE - Ocean Blue","EGP 5,050.00",,,https://www.jumia.com.eg/xiaomi-redmi-a5-dual-sim-128gb-4gb-ram-4g-lte-ocean-blue-133114045.html,https://eg.jumia.is/unsafe/fit-in/300x300/filters:fill(white)/product/54/0411331/1.jpg?8103,XIAOMI
"XIAOMI Redmi Note 14 Dual SIM, 256GB, 8GB RAM, 4G LTE - Lime Green","EGP 10,110.00",,4 out of 5(1),https://www.jumia.com.eg/xiaomi-redmi-note-14-dual-sim-256gb-8gb-ram-4g-lte-lime-green-131396706.html,https://eg.jumia.is/unsafe/fit-in/300x300/filters:fill(white)/product/60/7693131/1.jpg?3606,XIAOMI
realme C75 Dual-SIM 4G 256GB/8GB Mobile Phone 6.7 Inches - Lightning Gold,"EGP 10,200.00",,5 out of 5(2),https://www.jumia.com.eg/realme-c75-dual-sim-4g-256gb8gb-mobile-phone-6.7-inches-lightning-gold-130977989.html,https://eg.jumia.is/unsafe/fit-in/300x300/filters:fill(white)/product/98/9779031/1.jpg?0910,realme
XIAOMI MOBILE REDMI 13 8GB RAM 128GB ROM OCEAN BLUE,"EGP 6,940.00",,4.4 out of 5(7),https://www.jumia.com.eg/redmi-13-6.7-128gb8gb-dual-sim-4g-mobile-phone-ocean-blue-xiaomi-mpg3818406.html,https://eg.jumia.is/unsafe/fit-in/300x300/filters:fill(white)/product/90/5171321/1.jpg?8489,XIAOMI
Samsung Galaxy S25 Ultra Dual SIM 5G 256GB/12GB - 6.9 Inch Mobile Phone Titanium Black,"EGP 60,480.00",,,https://www.jumia.com.eg/samsung-galaxy-s25-ultra-dual-sim-5g-256gb12gb-6.9-inch-mobile-phone-titanium-black-130163167.html,https://eg.jumia.is/unsafe/fit-in/300x300/filters:fill(white)/product/76/1361031/1.jpg?7844,Samsung
XIAOMI MOBILE 14C 8GB RAM 256GB ROM MIDNIGHT BLACK,"EGP 6,744.00",,3.7 out of 5(3),https://www.jumia.com.eg/xiaomi-mobile-14c-8gb-ram-256gb-rom-midnight-black-119370244.html,https://eg.jumia.is/unsafe/fit-in/300x300/filters:fill(white)/product/44/2073911/1.jpg?2214,XIAOMI
Samsung Galaxy A06 Dual SIM 4G 128GB/6GB - Black,"EGP 5,886.00",,,https://www.jumia.com.eg/samsung-galaxy-a06-dual-sim-4g-128gb6gb-black-130191223.html,https://eg.jumia.is/unsafe/fit-in/300x300/filters:fill(white)/product/32/2191031/1.jpg?2904,Samsung
"Samsung Galaxy A16 Dual SIM 4G 128GB/4GB Mobile Phone - Grey 6.7 Inch With Wall Charger, 25 Watt, Type-C, Black - EP-T2510NBEGWW","EGP 7,760.00",,,https://www.jumia.com.eg/samsung-galaxy-a16-dual-sim-4g-128gb4gb-mobile-phone-grey-6.7-inch-with-wall-charger-25-watt-type-c-black-ep-t2510nbegww-132040989.html,https://eg.jumia.is/unsafe/fit-in/300x300/filters:fill(white)/product/98/9040231/1.jpg?9506,Samsung
"Samsung Galaxy A16 Dual SIM 4G 256GB/8GB Mobile Phone -Gray 6.7 Inch With Wall Charger, 25 Watt, Type-C, Black - EP-T2510NBEGWW","EGP 10,240.00",,4 out of 5(1),https://www.jumia.com.eg/samsung-galaxy-a16-dual-sim-4g-256gb8gb-mobile-phone-gray-6.7-inch-with-wall-charger-25-watt-type-c-black-ep-t2510nbegww-132041054.html,https://eg.jumia.is/unsafe/fit-in/300x300/filters:fill(white)/product/45/0140231/1.jpg?9526,Samsung
"OPPO A3 - 6.6"" 256GB/8GB Dual SIM 4G Mobile Phone - Starry Purple","EGP 9,612.00",,4.5 out of 5(13),https://www.jumia.com.eg/a3-6.6-256gb8gb-dual-sim-4g-mobile-phone-starry-purple-oppo-mpg3818345.html,https://eg.jumia.is/unsafe/fit-in/300x300/filters:fill(white)/product/52/5985111/1.jpg?9503,OPPO
"Samsung Galaxy A06 Dual SIM, 64GB, 4GB RAM, 4G LTE - Gold","EGP 4,830.00",,,https://www.jumia.com.eg/samsung-galaxy-a06-dual-sim-64gb-4gb-ram-4g-lte-gold-133114522.html,https://eg.jumia.is/unsafe/fit-in/300x300/filters:fill(white)/product/22/5411331/1.jpg?7887,Samsung
realme Note 60X Dual-SIM 4G 128GB/4GB Mobile Phone 6.78 Inches - Marble Black,"EGP 5,410.00",,3 out of 5(1),https://www.jumia.com.eg/realme-note-60x-dual-sim-4g-128gb4gb-mobile-phone-6.78-inches-marble-black-130977987.html,https://eg.jumia.is/unsafe/fit-in/300x300/filters:fill(white)/product/78/9779031/1.jpg?0912,realme
Infinix Smart 9 Dual SIM Neo Titanium 4+4GB RAM 128GB 4G,"EGP 4,382.00",,4.8 out of 5(5),https://www.jumia.com.eg/infinix-smart-9-dual-sim-neo-titanium-44gb-ram-128gb-4g-121850172.html,https://eg.jumia.is/unsafe/fit-in/300x300/filters:fill(white)/product/27/1058121/1.jpg?2906,Infinix
"OPPO A3x - 6.6"" 64GB/4GB Dual SIM 4G Mobile Phone- Ocean Blue","EGP 5,886.00",,4.7 out of 5(3),https://www.jumia.com.eg/a3x-6.6-64gb4gb-dual-sim-4g-mobile-phone-ocean-blue-oppo-mpg3818339.html,https://eg.jumia.is/unsafe/fit-in/300x300/filters:fill(white)/product/27/8603721/1.jpg?9968,OPPO
Samsung Galaxy A06 Dual SIM 4G 64GB/4GB Mobile Phone - Gold 6.7 Inch,"EGP 4,698.00",,,https://www.jumia.com.eg/samsung-galaxy-a06-dual-sim-4g-64gb4gb-mobile-phone-gold-6.7-inch-130151906.html,https://eg.jumia.is/unsafe/fit-in/300x300/filters:fill(white)/product/60/9151031/1.jpg?8710,Samsung
XIAOMI Redmi A3 Dual SIM 4G 128GB/4GB Mobile Phone - Star Blue,"EGP 4,760.00",,,https://www.jumia.com.eg/xiaomi-redmi-a3-dual-sim-4g-128gb4gb-mobile-phone-star-blue-132999185.html,https://eg.jumia.is/unsafe/fit-in/300x300/filters:fill(white)/product/58/1999231/1.jpg?0826,XIAOMI
"XIAOMI Mobile Redmi Note 14, 128GB, 8GB RAM, 4G, Dual SIM - Midnight Black","EGP 9,299.00",,,https://www.jumia.com.eg/xiaomi-mobile-redmi-note-14-128gb-8gb-ram-4g-dual-sim-midnight-black-130265989.html,https://eg.jumia.is/unsafe/fit-in/300x300/filters:fill(white)/product/98/9562031/1.jpg?1705,XIAOMI
"Samsung Galaxy A36 5G, 8GB Ram, 256GB - Awesome Black","EGP 17,355.00",,,https://www.jumia.com.eg/samsung-galaxy-a36-5g-8gb-ram-256gb-awesome-black-131723127.html,https://eg.jumia.is/unsafe/fit-in/300x300/filters:fill(white)/product/72/1327131/1.jpg?0273,Samsung
XIAOMI Poco C75 - 6.88-inch 6GB128GB Dual Sim 4G Mobile Phone - Black,"EGP 5,670.00",,4 out of 5(2),https://www.jumia.com.eg/poco-c75-dual-sim-4g-128gb6gb-mobile-phone-black-6.7-inch-xiaomi-mpg3818372.html,https://eg.jumia.is/unsafe/fit-in/300x300/filters:fill(white)/product/12/8749921/1.jpg?5665,XIAOMI
Tecno Spark 30 Pro Mobile Phone – Dual SIM – 4G – 256GB – 8GB RAM – Arctic Glow,"EGP 9,899.00",,,https://www.jumia.com.eg/tecno-spark-30-pro-mobile-phone-dual-sim-4g-256gb-8gb-ram-arctic-glow-133540696.html,https://eg.jumia.is/unsafe/fit-in/300x300/filters:fill(white)/product/69/6045331/1.jpg?5952,Tecno
Tecno Spark Go 1 Mobile Phone – Dual SIM – 4G – 64GB – 3GB RAM – Startrail Black,"EGP 3,999.00",,,https://www.jumia.com.eg/tecno-spark-go-1-mobile-phone-dual-sim-4g-64gb-3gb-ram-startrail-black-133540688.html,https://eg.jumia.is/unsafe/fit-in/300x300/filters:fill(white)/product/88/6045331/1.jpg?5854,Tecno
Tecno Spark 30 Mobile Phone – Dual SIM – 4G – 256GB – 8GB RAM – Stellar Shadow,"EGP 7,299.00",,,https://www.jumia.com.eg/tecno-spark-30-mobile-phone-dual-sim-4g-256gb-8gb-ram-stellar-shadow-133540693.html,https://eg.jumia.is/unsafe/fit-in/300x300/filters:fill(white)/product/39/6045331/1.jpg?5925,Tecno
Tecno Spark 30 Pro Mobile Phone – Dual SIM – 4G – 256GB – 8GB RAM – Obsidian Edge,"EGP 9,899.00",,,https://www.jumia.com.eg/tecno-spark-30-pro-mobile-phone-dual-sim-4g-256gb-8gb-ram-obsidian-edge-133540695.html,https://eg.jumia.is/unsafe/fit-in/300x300/filters:fill(white)/product/59/6045331/1.jpg?6002,Tecno
Tecno Spark Go 1 Mobile Phone – Dual SIM – 4G – 64GB – 3GB RAM – Glittery White,"EGP 3,999.00",,,https://www.jumia.com.eg/tecno-spark-go-1-mobile-phone-dual-sim-4g-64gb-3gb-ram-glittery-white-133540689.html,https://eg.jumia.is/unsafe/fit-in/300x300/filters:fill(white)/product/98/6045331/1.jpg?5893,Tecno
Tecno Spark 30C Mobile Phone – Dual SIM – 4G – 256GB – 8GB RAM – Orbit Black,"EGP 6,399.00",,,https://www.jumia.com.eg/tecno-spark-30c-mobile-phone-dual-sim-4g-256gb-8gb-ram-orbit-black-133540691.html,https://eg.jumia.is/unsafe/fit-in/300x300/filters:fill(white)/product/19/6045331/1.jpg?5913,Tecno
Tecno Spark Go 1 Mobile Phone – Dual SIM – 4G – 128GB – 4GB RAM – Startrail Black,"EGP 4,399.00",,,https://www.jumia.com.eg/tecno-spark-go-1-mobile-phone-dual-sim-4g-128gb-4gb-ram-startrail-black-133540686.html,https://eg.jumia.is/unsafe/fit-in/300x300/filters:fill(white)/product/68/6045331/1.jpg?5806,Tecno
Tecno Spark 30C Mobile Phone – Dual SIM – 4G – 256GB – 8GB RAM – Orbit White,"EGP 6,500.00",,,https://www.jumia.com.eg/tecno-spark-30c-mobile-phone-dual-sim-4g-256gb-8gb-ram-orbit-white-133540692.html,https://eg.jumia.is/unsafe/fit-in/300x300/filters:fill(white)/product/29/6045331/1.jpg?5988,Tecno
Tecno Spark Go 1 Mobile Phone – Dual SIM – 4G – 128GB – 4GB RAM – Glittery White,"EGP 4,399.00",,,https://www.jumia.com.eg/tecno-spark-go-1-mobile-phone-dual-sim-4g-128gb-4gb-ram-glittery-white-133540687.html,https://eg.jumia.is/unsafe/fit-in/300x300/filters:fill(white)/product/78/6045331/1.jpg?5831,Tecno
Tecno Spark Go 1 Mobile Phone – Dual SIM – 4G – 64GB – 3GB RAM – Magic Skin Green,"EGP 3,999.00",,,https://www.jumia.com.eg/tecno-spark-go-1-mobile-phone-dual-sim-4g-64gb-3gb-ram-magic-skin-green-133540690.html,https://eg.jumia.is/unsafe/fit-in/300x300/filters:fill(white)/product/09/6045331/1.jpg?5936,Tecno
Tecno Spark 30 Mobile Phone – Dual SIM – 4G – 256GB – 8GB RAM – Astral Ice,"EGP 7,299.00",,,https://www.jumia.com.eg/tecno-spark-30-mobile-phone-dual-sim-4g-256gb-8gb-ram-astral-ice-133540694.html,https://eg.jumia.is/unsafe/fit-in/300x300/filters:fill(white)/product/49/6045331/1.jpg?5967,Tecno
Nothing CMF Phone 1 - Dual SIM 5G 128GB/8GB Mobile Phone - Black,"EGP 14,100.00",,,https://www.jumia.com.eg/nothing-cmf-phone-1-dual-sim-5g-128gb8gb-mobile-phone-black-133292009.html,https://eg.jumia.is/unsafe/fit-in/300x300/filters:fill(white)/product/90/0292331/1.jpg?9315,Nothing
XIAOMI Redmi Note 14 Pro Mobile Phone - 6.7 Inches - Dual SIM 4G 256GB/8GB -Aurora Purple,"EGP 14,796.00",,,https://www.jumia.com.eg/xiaomi-redmi-note-14-pro-mobile-phone-6.7-inches-dual-sim-4g-256gb8gb-aurora-purple-132116572.html,https://eg.jumia.is/unsafe/fit-in/300x300/filters:fill(white)/product/27/5611231/1.jpg?2163,XIAOMI
"realme C75 256GB/8GB- 6.72""  Dual SIM 4G Mobile Phone - Gold","EGP 9,882.00",,5 out of 5(1),https://www.jumia.com.eg/realme-c75-256gb8gb-6.72-dual-sim-4g-mobile-phone-gold-130413141.html,https://eg.jumia.is/unsafe/fit-in/300x300/filters:fill(white)/product/14/1314031/1.jpg?6563,realme
"Honor X5b - 6.5"" 128 GB/4GB Dual SIM 4G Mobile Phone -  Blue","EGP 4,752.00",,,https://www.jumia.com.eg/honor-x5b-6.5-128-gb4gb-dual-sim-4g-mobile-phone-blue-132116032.html,https://eg.jumia.is/unsafe/fit-in/300x300/filters:fill(white)/product/23/0611231/1.jpg?9489,Honor
Motorola Moto G35 - 6.72-inch 256GB/8GB Dual SIM 5G Mobile Phone - Leaf Green,"EGP 7,940.00",,,https://www.jumia.com.eg/motorola-moto-g35-6.72-inch-256gb8gb-dual-sim-5g-mobile-phone-leaf-green-129966948.html,https://eg.jumia.is/unsafe/fit-in/300x300/filters:fill(white)/product/84/9669921/1.jpg?3525,Motorola
"realme Mobile C75 Dual SIM, 256GB, 8GB RAM,4G LTE - Black","EGP 9,953.00",,,https://www.jumia.com.eg/realme-mobile-c75-dual-sim-256gb-8gb-ram4g-lte-black-131373900.html,https://eg.jumia.is/unsafe/fit-in/300x300/filters:fill(white)/product/00/9373131/1.jpg?0428,realme
XIAOMI Redmi A3 - 6.71-inch 4GB/128GB Dual Sim 4G Mobile Phone - Midnight Black,"EGP 4,760.00",,3.7 out of 5(17),https://www.jumia.com.eg/xiaomi-redmi-a3-6.71-inch-4gb128gb-dual-sim-4g-mobile-phone-midnight-black-111623987.html,https://eg.jumia.is/unsafe/fit-in/300x300/filters:fill(white)/product/78/9326111/1.jpg?4184,XIAOMI
"realme C75X Dual SIM, 256GB, 8GB RAM, 4G LTE - Oceanic Blue","EGP 9,180.00",,5 out of 5(1),https://www.jumia.com.eg/realme-c75x-dual-sim-256gb-8gb-ram-4g-lte-oceanic-blue-133518949.html,https://eg.jumia.is/unsafe/fit-in/300x300/filters:fill(white)/product/94/9815331/1.jpg?2665,realme
Samsung Galaxy A06 Mobile - 6.7 Inch - 128GB/6GB RAM - 4G Dual SIM - Black,"EGP 5,899.00",,,https://www.jumia.com.eg/samsung-galaxy-a06-mobile-6.7-inch-128gb6gb-ram-4g-dual-sim-black-130150129.html,https://eg.jumia.is/unsafe/fit-in/300x300/filters:fill(white)/product/92/1051031/1.jpg?3106,Samsung
"Samsung Galaxy A26 Dual SIM, 128GB, 6GB RAM, 5G - Peach Pink","EGP 12,460.00",,,https://www.jumia.com.eg/samsung-galaxy-a26-dual-sim-128gb-6gb-ram-5g-peach-pink-133113899.html,https://eg.jumia.is/unsafe/fit-in/300x300/filters:fill(white)/product/99/8311331/1.jpg?6662,Samsung
Motorola Edge 50 Fusion Dual SIM 5G 512GB/12GB Mobile Phone - Forest Green,"EGP 17,340.00",,,https://www.jumia.com.eg/motorola-edge-50-fusion-dual-sim-5g-512gb12gb-mobile-phone-forest-green-132999436.html,https://eg.jumia.is/unsafe/fit-in/300x300/filters:fill(white)/product/63/4999231/1.jpg?2964,Motorola
Motorola Moto G85 - 6.67-inch 256GB/12GB Dual SIM 5G Mobile Phone - Urban Grey,"EGP 13,600.00",,,https://www.jumia.com.eg/motorola-moto-g85-6.67-inch-256gb12gb-dual-sim-5g-mobile-phone-urban-grey-129967311.html,https://eg.jumia.is/unsafe/fit-in/300x300/filters:fill(white)/product/11/3769921/1.jpg?6825,Motorola
Samsung Galaxy A16 - 6.7-inch 8GB/256GB Dual Sim 4G - Mobile Phone - Gray,"EGP 9,890.00",,4 out of 5(66),https://www.jumia.com.eg/galaxy-a16-6.7-256gb8gb-dual-sim-4g-mobile-phone-grey-free-25w-adapter-usb-c-super-fast-charging-black-samsung-mpg3818564.html,https://eg.jumia.is/unsafe/fit-in/300x300/filters:fill(white)/product/77/5962521/1.jpg?7027,Samsung
XIAOMI Redmi 14C - 6.88-inch 6GB/128GB Dual Sim 4G Mobile Phone - Dreamy Purple,"EGP 6,120.00",,5 out of 5(2),https://www.jumia.com.eg/redmi-14c-6.88-inch-6gb128gb-dual-sim-4g-mobile-phone-dreamy-purple-xiaomi-mpg3818421.html,https://eg.jumia.is/unsafe/fit-in/300x300/filters:fill(white)/product/11/4101321/1.jpg?3905,XIAOMI
"Samsung Mobile Galaxy A06, 4G, 128GB, 6GB RAM, Black","EGP 12,000.00",,4.2 out of 5(42),https://www.jumia.com.eg/a06-6.7-inch-128gb6gb-dual-sim-4g-mobile-phone-black-samsung-mpg3818092.html,https://eg.jumia.is/unsafe/fit-in/300x300/filters:fill(white)/product/67/4260031/1.jpg?1860,Samsung
Samsung Galaxy A15 - 6.5-inch 8GB/256GB Dual Sim 4G - Mobile Phone - Yellow,"EGP 9,070.00",,1 out of 5(1),https://www.jumia.com.eg/samsung-galaxy-a15-6.5-inch-8gb256gb-dual-sim-4g-mobile-phone-yellow-111625118.html,https://eg.jumia.is/unsafe/fit-in/300x300/filters:fill(white)/product/81/1526111/1.jpg?5685,Samsung
Vivo Y29 Dual SIM 4G 128GB/8GB - Brown,"EGP 8,083.00",,,https://www.jumia.com.eg/vivo-y29-dual-sim-4g-128gb8gb-brown-132354528.html,https://eg.jumia.is/unsafe/fit-in/300x300/filters:fill(white)/product/82/5453231/1.jpg?4900,Vivo
realme Note 50 Dual-SIM 4G 128GB/4GB Mobile Phone 6.6 Inches - Midnight Black,"EGP 5,670.00",,1 out of 5(1),https://www.jumia.com.eg/realme-note-50-dual-sim-4g-128gb4gb-mobile-phone-6.6-inches-midnight-black-130978046.html,https://eg.jumia.is/unsafe/fit-in/300x300/filters:fill(white)/product/64/0879031/1.jpg?0913,realme
Infinix Hot 50i - 6.7 Inch - Dual SIM Mobile Phone 4G 256GB/8GB - Sleek Black,"EGP 5,886.00",,3 out of 5(2),https://www.jumia.com.eg/hot-50i-6.7-inch-dual-sim-mobile-phone-4g-256gb8gb-sleek-black-infinix-mpg3818227.html,https://eg.jumia.is/unsafe/fit-in/300x300/filters:fill(white)/product/20/5960031/1.jpg?4823,Infinix
Samsung Galaxy A06 Dual SIM 4G 128GB/6GB Mobile Phone - Light Blue 6.7 Inch,"EGP 5,886.00",,,https://www.jumia.com.eg/samsung-galaxy-a06-dual-sim-4g-128gb6gb-mobile-phone-light-blue-6.7-inch-130151899.html,https://eg.jumia.is/unsafe/fit-in/300x300/filters:fill(white)/product/99/8151031/1.jpg?8710,Samsung
"realme C61 - 6.7"" 128GB/4GB Dual SIM 4G Mobile Phone - Sparkle Gold","EGP 6,156.00",,5 out of 5(1),https://www.jumia.com.eg/c61-6.7-128gb4gb-dual-sim-4g-mobile-phone-sparkle-gold-realme-mpg3842279.html,https://eg.jumia.is/unsafe/fit-in/300x300/filters:fill(white)/product/46/4598611/1.jpg?1525,realme
Samsung Galaxy A06 - 6.7-inch 4GB/128GB Dual Sim 4G - Mobile Phone - Gold,"EGP 5,610.00",,,https://www.jumia.com.eg/samsung-galaxy-a06-6.7-inch-4gb128gb-dual-sim-4g-mobile-phone-gold-130123174.html,https://eg.jumia.is/unsafe/fit-in/300x300/filters:fill(white)/product/47/1321031/1.jpg?4145,Samsung
Samsung Galaxy A06 Dual SIM 4G 128GB/6GB Mobile Phone - Black 6.7 Inch With USB-C Wall Charger 25 Watt,"EGP 6,136.00",,,https://www.jumia.com.eg/samsung-galaxy-a06-dual-sim-4g-128gb6gb-mobile-phone-black-6.7-inch-with-usb-c-wall-charger-25-watt-132035326.html,https://eg.jumia.is/unsafe/fit-in/300x300/filters:fill(white)/product/62/3530231/1.jpg?9024,Samsung
Vivo Y19s Dual SIM 4G 128GB/4GB - 6.68 Inch Mobile Phone Silver,"EGP 5,939.00",,,https://www.jumia.com.eg/vivo-y19s-dual-sim-4g-128gb4gb-6.68-inch-mobile-phone-silver-130163171.html,https://eg.jumia.is/unsafe/fit-in/300x300/filters:fill(white)/product/17/1361031/1.jpg?8343,Vivo
Infinix MOBILE HOT 50i 6+6GB RAM 128GB ROM SLEEK BLACK,"EGP 5,159.00",,5 out of 5(1),https://www.jumia.com.eg/infinix-mobile-hot-50i-66gb-ram-128gb-rom-sleek-black-123790271.html,https://eg.jumia.is/unsafe/fit-in/300x300/filters:fill(white)/product/17/2097321/1.jpg?4284,Infinix
TAG-PHONE Special Smart Phone 6.52 inch Dual Nano SIM-6 GB RAM-128 GB-4G-Android 11.0,"EGP 9,000.00",,,https://www.jumia.com.eg/tag-phone-special-smart-phone-6.52-inch-dual-nano-sim-6-gb-ram-128-gb-4g-android-11.0-59762589.html,https://eg.jumia.is/unsafe/fit-in/300x300/filters:fill(white)/product/98/526795/1.jpg?9206,TAG-PHONE
"realme C65 - 6.6"" 128GB/6GB Dual SIM 4G Mobile Phone - Black Milky Way","EGP 7,344.00",,,https://www.jumia.com.eg/realme-c65-6.6-128gb6gb-dual-sim-4g-mobile-phone-black-milky-way-131432445.html,https://eg.jumia.is/unsafe/fit-in/300x300/filters:fill(white)/product/54/4234131/1.jpg?8585,realme
Vivo Y04 Dual-SIM 4G 128GB/4GB Mobile Phone 6.56 Inches - Dark Green,"EGP 5,499.00",,,https://www.jumia.com.eg/vivo-y04-dual-sim-4g-128gb4gb-mobile-phone-6.56-inches-dark-green-130978972.html,https://eg.jumia.is/unsafe/fit-in/300x300/filters:fill(white)/product/27/9879031/1.jpg?0912,Vivo
Samsung Galaxy A36 5G - 8GB Ram 256GB - Awesome White,"EGP 17,335.00",,,https://www.jumia.com.eg/samsung-galaxy-a36-5g-8gb-ram-256gb-awesome-white-131723147.html,https://eg.jumia.is/unsafe/fit-in/300x300/filters:fill(white)/product/74/1327131/1.jpg?7470,Samsung
"Samsung Galaxy A26 Dual SIM, 128GB, 6GB RAM, 5G - White","EGP 12,460.00",,5 out of 5(1),https://www.jumia.com.eg/samsung-galaxy-a26-dual-sim-128gb-6gb-ram-5g-white-133113913.html,https://eg.jumia.is/unsafe/fit-in/300x300/filters:fill(white)/product/31/9311331/1.jpg?6783,Samsung
realme Note 50 Dual-SIM 4G 128GB/4GB Mobile Phone 6.6 Inches - Sky Blue,"EGP 5,670.00",,,https://www.jumia.com.eg/realme-note-50-dual-sim-4g-128gb4gb-mobile-phone-6.6-inches-sky-blue-130978133.html,https://eg.jumia.is/unsafe/fit-in/300x300/filters:fill(white)/product/33/1879031/1.jpg?0910,realme
Vivo Y29 Dual SIM 8GB 256GB RAM 4G LTE - White,"EGP 9,234.00",,,https://www.jumia.com.eg/vivo-y29-dual-sim-8gb-256gb-ram-4g-lte-white-131420797.html,https://eg.jumia.is/unsafe/fit-in/300x300/filters:fill(white)/product/79/7024131/1.jpg?8364,Vivo
Samsung Galaxy A16 Dual SIM 4G 128GB/4GB Mobile Phone - Light Green 6.7 Inch,"EGP 7,506.00",,5 out of 5(1),https://www.jumia.com.eg/galaxy-a16-6.7-inch-4gb128gb-dual-sim-4g-mobile-phone-light-green-samsung-mpg3818557.html,https://eg.jumia.is/unsafe/fit-in/300x300/filters:fill(white)/product/95/5960031/1.jpg?6143,Samsung
"realme C61 - 6.7"" 128GB/4GB Dual SIM 4G Mobile Phone -Dark Green","EGP 6,156.00",,,https://www.jumia.com.eg/realme-c61-6.7-128gb4gb-dual-sim-4g-mobile-phone-dark-green-130613789.html,https://eg.jumia.is/unsafe/fit-in/300x300/filters:fill(white)/product/98/7316031/1.jpg?3672,realme
Infinix Hot 50i - 6.7 Inch - Dual SIM Mobile Phone 4G 128GB/6GB - Titanium Grey,"EGP 5,157.00",,5 out of 5(3),https://www.jumia.com.eg/infinix-hot-50i-6.7-inch-dual-sim-mobile-phone-4g-128gb6gb-titanium-grey-130069525.html,https://eg.jumia.is/unsafe/fit-in/300x300/filters:fill(white)/product/52/5960031/1.jpg?4823,Infinix
Vivo Y04 Dual SIM 4G 64GB/4GB - Gold,"EGP 4,870.00",,,https://www.jumia.com.eg/vivo-y04-dual-sim-4g-64gb4gb-gold-132354494.html,https://eg.jumia.is/unsafe/fit-in/300x300/filters:fill(white)/product/49/4453231/1.jpg?4905,Vivo
Vivo Y28 - 6.64-inch 8GB/256GB Dual Sim 4G Mobile Phone - Gleaming Orange,"EGP 8,610.00",,5 out of 5(1),https://www.jumia.com.eg/y28-6.64-inch-8gb256gb-dual-sim-4g-mobile-phone-gleaming-orange-vivo-mpg3818681.html,https://eg.jumia.is/unsafe/fit-in/300x300/filters:fill(white)/product/54/9609511/1.jpg?8651,Vivo
Honor 400 Dual SIM 5G Smartphone - 256GB/12GB - Desert Gold + Choice Earbuds X7 Lite White,"EGP 20,499.00",,5 out of 5(4),https://www.jumia.com.eg/honor-400-dual-sim-5g-smartphone-256gb12gb-desert-gold-choice-earbuds-x7-lite-white-132579389.html,https://eg.jumia.is/unsafe/fit-in/300x300/filters:fill(white)/product/98/3975231/1.jpg?3269,Honor
Honor 400 Dual SIM 5G Smartphone - 256GB/12GB - Meteor Silver + Choice Earbuds X7 Lite White,"EGP 20,499.00",,3.3 out of 5(3),https://www.jumia.com.eg/honor-400-dual-sim-5g-smartphone-256gb12gb-meteor-silver-choice-earbuds-x7-lite-white-132579388.html,https://eg.jumia.is/unsafe/fit-in/300x300/filters:fill(white)/product/88/3975231/1.jpg?0801,Honor
"Honor X5b Plus - 6.5"" 128GB/4GB Dual SIM 4G Mobile Phone - Midnight Black","EGP 4,399.00",,3.9 out of 5(20),https://www.jumia.com.eg/x5b-plus-6.5-128gb4gb-dual-sim-4g-mobile-phone-midnight-black-honor-mpg3818115.html,https://eg.jumia.is/unsafe/fit-in/300x300/filters:fill(white)/product/61/1899921/1.jpg?0955,Honor
Tecno Spark 30 Pro Mobile Phone – Dual SIM – 4G – 256GB – 8GB RAM – Arctic Glow,"EGP 9,899.00",,,https://www.jumia.com.eg/tecno-spark-30-pro-mobile-phone-dual-sim-4g-256gb-8gb-ram-arctic-glow-133540696.html,https://eg.jumia.is/unsafe/fit-in/300x300/filters:fill(white)/product/69/6045331/1.jpg?5952,Tecno
Tecno Spark Go 1 Mobile Phone – Dual SIM – 4G – 64GB – 3GB RAM – Startrail Black,"EGP 3,999.00",,,https://www.jumia.com.eg/tecno-spark-go-1-mobile-phone-dual-sim-4g-64gb-3gb-ram-startrail-black-133540688.html,https://eg.jumia.is/unsafe/fit-in/300x300/filters:fill(white)/product/88/6045331/1.jpg?5854,Tecno
Tecno Spark 30 Mobile Phone – Dual SIM – 4G – 256GB – 8GB RAM – Stellar Shadow,"EGP 7,299.00",,,https://www.jumia.com.eg/tecno-spark-30-mobile-phone-dual-sim-4g-256gb-8gb-ram-stellar-shadow-133540693.html,https://eg.jumia.is/unsafe/fit-in/300x300/filters:fill(white)/product/39/6045331/1.jpg?5925,Tecno
Tecno Spark 30 Pro Mobile Phone – Dual SIM – 4G – 256GB – 8GB RAM – Obsidian Edge,"EGP 9,899.00",,,https://www.jumia.com.eg/tecno-spark-30-pro-mobile-phone-dual-sim-4g-256gb-8gb-ram-obsidian-edge-133540695.html,https://eg.jumia.is/unsafe/fit-in/300x300/filters:fill(white)/product/59/6045331/1.jpg?6002,Tecno
Tecno Spark Go 1 Mobile Phone – Dual SIM – 4G – 64GB – 3GB RAM – Glittery White,"EGP 3,999.00",,,https://www.jumia.com.eg/tecno-spark-go-1-mobile-phone-dual-sim-4g-64gb-3gb-ram-glittery-white-133540689.html,https://eg.jumia.is/unsafe/fit-in/300x300/filters:fill(white)/product/98/6045331/1.jpg?5893,Tecno
Tecno Spark 30C Mobile Phone – Dual SIM – 4G – 256GB – 8GB RAM – Orbit Black,"EGP 6,399.00",,,https://www.jumia.com.eg/tecno-spark-30c-mobile-phone-dual-sim-4g-256gb-8gb-ram-orbit-black-133540691.html,https://eg.jumia.is/unsafe/fit-in/300x300/filters:fill(white)/product/19/6045331/1.jpg?5913,Tecno
Tecno Spark Go 1 Mobile Phone – Dual SIM – 4G – 128GB – 4GB RAM – Startrail Black,"EGP 4,399.00",,,https://www.jumia.com.eg/tecno-spark-go-1-mobile-phone-dual-sim-4g-128gb-4gb-ram-startrail-black-133540686.html,https://eg.jumia.is/unsafe/fit-in/300x300/filters:fill(white)/product/68/6045331/1.jpg?5806,Tecno
Tecno Spark 30C Mobile Phone – Dual SIM – 4G – 256GB – 8GB RAM – Orbit White,"EGP 6,500.00",,,https://www.jumia.com.eg/tecno-spark-30c-mobile-phone-dual-sim-4g-256gb-8gb-ram-orbit-white-133540692.html,https://eg.jumia.is/unsafe/fit-in/300x300/filters:fill(white)/product/29/6045331/1.jpg?5988,Tecno
Tecno Spark Go 1 Mobile Phone – Dual SIM – 4G – 128GB – 4GB RAM – Glittery White,"EGP 4,399.00",,,https://www.jumia.com.eg/tecno-spark-go-1-mobile-phone-dual-sim-4g-128gb-4gb-ram-glittery-white-133540687.html,https://eg.jumia.is/unsafe/fit-in/300x300/filters:fill(white)/product/78/6045331/1.jpg?5831,Tecno
Tecno Spark Go 1 Mobile Phone – Dual SIM – 4G – 64GB – 3GB RAM – Magic Skin Green,"EGP 3,999.00",,,https://www.jumia.com.eg/tecno-spark-go-1-mobile-phone-dual-sim-4g-64gb-3gb-ram-magic-skin-green-133540690.html,https://eg.jumia.is/unsafe/fit-in/300x300/filters:fill(white)/product/09/6045331/1.jpg?5936,Tecno
Tecno Spark 30 Mobile Phone – Dual SIM – 4G – 256GB – 8GB RAM – Astral Ice,"EGP 7,299.00",,,https://www.jumia.com.eg/tecno-spark-30-mobile-phone-dual-sim-4g-256gb-8gb-ram-astral-ice-133540694.html,https://eg.jumia.is/unsafe/fit-in/300x300/filters:fill(white)/product/49/6045331/1.jpg?5967,Tecno
Samsung A06 - 6.7 Inch 64GB/4GB Dual SIM 4G Mobile Phone - Gold,"EGP 4,599.00",,1 out of 5(1),https://www.jumia.com.eg/a06-6.7-inch-64gb4gb-dual-sim-4g-mobile-phone-gold-samsung-mpg3818090.html,https://eg.jumia.is/unsafe/fit-in/300x300/filters:fill(white)/product/51/5040031/1.jpg?9474,Samsung
Infinix Smart 8 - 6.6 Inch 64GB/2GBDual SIM 4G Mobile Phone - CRYSTAL Green,"EGP 3,555.00",,3 out of 5(1),https://www.jumia.com.eg/infinix-smart-8-6.6-inch-64gb2gbdual-sim-4g-mobile-phone-crystal-green-133536210.html,https://eg.jumia.is/unsafe/fit-in/300x300/filters:fill(white)/product/01/2635331/1.jpg?0446,Infinix
"Honor X6b - 6.5"" 128GB/6GB Dual SIM 4G Mobile Phone - Starry Purple","EGP 5,530.00",,4.2 out of 5(16),https://www.jumia.com.eg/x6b-6.5-128gb6gb-dual-sim-4g-mobile-phone-starry-purple-honor-mpg3818126.html,https://eg.jumia.is/unsafe/fit-in/300x300/filters:fill(white)/product/02/1899921/1.jpg?0936,Honor
Infinix Hot 50i - 6.7 Inch 128GB/6GB Dual SIM 4G Mobile Phone - Sage Green,"EGP 5,050.00",,5 out of 5(2),https://www.jumia.com.eg/infinix-hot-50i-6.7-inch-128gb6gb-dual-sim-4g-mobile-phone-sage-green-133536223.html,https://eg.jumia.is/unsafe/fit-in/300x300/filters:fill(white)/product/32/2635331/1.jpg?1105,Infinix
"XIAOMI Redmi 14C - 6.8"" 128GB/6GB Dual SIM 4G Mobile Phone - Midnight Black","EGP 5,950.00",,,https://www.jumia.com.eg/xiaomi-redmi-14c-6.8-128gb6gb-dual-sim-4g-mobile-phone-midnight-black-133541103.html,https://eg.jumia.is/unsafe/fit-in/300x300/filters:fill(white)/product/30/1145331/1.jpg?4991,XIAOMI
realme Note 60 - 6.7 Inch 64GB/3GB Dual SIM 4G Mobile Phone - Marble Black,"EGP 5,099.00",,5 out of 5(1),https://www.jumia.com.eg/realme-note-60-6.7-inch-64gb3gb-dual-sim-4g-mobile-phone-marble-black-130934634.html,https://eg.jumia.is/unsafe/fit-in/300x300/filters:fill(white)/product/43/6439031/1.jpg?1765,realme
Infinix Smart 8 - 6.6 Inch 64GB/2GB+2GB Dual SIM 4G Mobile Phone - Galaxy White,"EGP 3,555.00",,,https://www.jumia.com.eg/infinix-smart-8-6.6-inch-64gb2gb2gb-dual-sim-4g-mobile-phone-galaxy-white-133536212.html,https://eg.jumia.is/unsafe/fit-in/300x300/filters:fill(white)/product/21/2635331/1.jpg?0545,Infinix
Samsung A06 - 6.7 Inch 128GB/4GB Dual SIM 4G Mobile Phone - Black,"EGP 5,195.00",,3.3 out of 5(3),https://www.jumia.com.eg/samsung-a06-6.7-inch-128gb4gb-dual-sim-4g-mobile-phone-black-130711339.html,https://eg.jumia.is/unsafe/fit-in/300x300/filters:fill(white)/product/93/3117031/1.jpg?3584,Samsung
Samsung Galaxy A26 Dual SIM 5G 256GB/8GB Mobile Phone - White,"EGP 13,399.00",,4.8 out of 5(6),https://www.jumia.com.eg/samsung-galaxy-a26-dual-sim-5g-256gb8gb-mobile-phone-white-131618225.html,https://eg.jumia.is/unsafe/fit-in/300x300/filters:fill(white)/product/52/2816131/1.jpg?4997,Samsung
"XIAOMI Redmi A5 Dual Sim 4G, 4GB RAM, 128GB,Mobile phone - Midnight Black","EGP 4,715.00",,4 out of 5(1),https://www.jumia.com.eg/xiaomi-redmi-a5-dual-sim-4g-4gb-ram-128gbmobile-phone-midnight-black-133541105.html,https://eg.jumia.is/unsafe/fit-in/300x300/filters:fill(white)/product/50/1145331/1.jpg?5060,XIAOMI
Samsung Galaxy A36 Dual SIM 5G 256GB/8GB Mobile Phone - Awesome White,"EGP 16,749.00",,,https://www.jumia.com.eg/galaxy-a36-dual-sim-5g-256gb8gb-mobile-phone-awesome-white-samsung-mpg3847738.html,https://eg.jumia.is/unsafe/fit-in/300x300/filters:fill(white)/product/27/9896131/1.jpg?2627,Samsung
"Honor 200 - 6.7"" 256GB/12GB Dual SIM 5G Mobile Phone - Black","EGP 20,499.00",,5 out of 5(2),https://www.jumia.com.eg/200-6.7-inch-12gb256gb-dual-sim-5g-mobile-phone-black-honor-mpg3818100.html,https://eg.jumia.is/unsafe/fit-in/300x300/filters:fill(white)/product/83/1899921/1.jpg?0963,Honor
Honor 400 Pro Dual SIM 5G Smartphone - 512GB/12GB - Lunar Grey + Choice Earbuds X7 Lite White,"EGP 32,499.00",,5 out of 5(1),https://www.jumia.com.eg/honor-400-pro-dual-sim-5g-smartphone-512gb12gb-lunar-grey-choice-earbuds-x7-lite-white-133551165.html,https://eg.jumia.is/unsafe/fit-in/300x300/filters:fill(white)/product/56/1155331/1.jpg?4590,Honor
"Apple IPhone 16 Pro Max Single SIM 256GB/8GB - 6.9""  5G Mobile Phone - Desert Titanium","EGP 75,060.00",,,https://www.jumia.com.eg/apple-iphone-16-pro-max-single-sim-256gb8gb-6.9-5g-mobile-phone-desert-titanium-130462700.html,https://eg.jumia.is/unsafe/fit-in/300x300/filters:fill(white)/product/00/7264031/1.jpg?8634,Apple
"Apple IPhone 16 Pro Max Single SIM 256GB/8GB - 6.9""  5G Mobile Phone - Natural Titanium","EGP 75,610.00",,5 out of 5(1),https://www.jumia.com.eg/apple-iphone-16-pro-max-single-sim-256gb8gb-6.9-5g-mobile-phone-natural-titanium-130462717.html,https://eg.jumia.is/unsafe/fit-in/300x300/filters:fill(white)/product/71/7264031/1.jpg?8602,Apple
Samsung Galaxy A05s Mobile Phone - 6.7 Inches - Dual SIM - 4G - 128GB - 6GB - Silver + Free Samsung Charger 25W - Black,"EGP 5,950.00",,4.6 out of 5(17),https://www.jumia.com.eg/galaxy-a05s-6.5-inch-6gb128gb-dual-sim-4g-mobile-phone-silver-samsung-mpg1155033.html,https://eg.jumia.is/unsafe/fit-in/300x300/filters:fill(white)/product/42/289269/1.jpg?5255,Samsung
Samsung Galaxy A06 Dual SIM 4G 128GB/4GB Mobile Phone - Light Blue 6.7 Inch,"EGP 6,200.00",,,https://www.jumia.com.eg/samsung-galaxy-a06-dual-sim-4g-128gb4gb-mobile-phone-light-blue-6.7-inch-130151095.html,https://eg.jumia.is/unsafe/fit-in/300x300/filters:fill(white)/product/59/0151031/1.jpg?8845,Samsung
Honor X8c - Dual SIM 4G Smartphone - 256GB Storage / 8GB RAM - Marrs Green + FREE X7 Lite Earbuds,"EGP 12,299.00",,5 out of 5(3),https://www.jumia.com.eg/honor-x8c-dual-sim-4g-smartphone-256gb-storage-8gb-ram-marrs-green-free-x7-lite-earbuds-130935855.html,https://eg.jumia.is/unsafe/fit-in/300x300/filters:fill(white)/product/55/8539031/1.jpg?7721,Honor
Honor X8c – 6.7 inches Dual SIM 4G 512GB/8GB Mobile Phone - Moonlight White + Free Earbuds X6 - White,"EGP 12,890.00",,5 out of 5(2),https://www.jumia.com.eg/honor-x8c-6.7-inches-dual-sim-4g-512gb8gb-mobile-phone-moonlight-white-free-earbuds-x6-white-131555399.html,https://eg.jumia.is/unsafe/fit-in/300x300/filters:fill(white)/product/99/3555131/1.jpg?6655,Honor
"Apple IPhone 16 Pro Max Single SIM 256GB/8GB - 6.9""  5G Mobile Phone - Black Titanium","EGP 75,060.00",,5 out of 5(1),https://www.jumia.com.eg/apple-iphone-16-pro-max-single-sim-256gb8gb-6.9-5g-mobile-phone-black-titanium-130462896.html,https://eg.jumia.is/unsafe/fit-in/300x300/filters:fill(white)/product/69/8264031/1.jpg?8928,Apple
Honor X8c - Dual SIM 4G Smartphone - 256GB Storage / 8GB RAM - Midnight Black,"EGP 11,399.00",,,https://www.jumia.com.eg/honor-x8c-dual-sim-4g-smartphone-256gb-storage-8gb-ram-midnight-black-130935851.html,https://eg.jumia.is/unsafe/fit-in/300x300/filters:fill(white)/product/15/8539031/1.jpg?4650,Honor
"OPPO Reno 13F Dual SIM, 256GB, 8GB RAM,4G LTE - Plume Purple","EGP 15,477.00",,,https://www.jumia.com.eg/oppo-reno-13f-dual-sim-256gb-8gb-ram4g-lte-plume-purple-133036926.html,https://eg.jumia.is/unsafe/fit-in/300x300/filters:fill(white)/product/62/9630331/1.jpg?5367,OPPO
Honor X5b Plus - 6.56-inch 4GB/128GB Dual Sim 4G Mobile Phone - Ocean Blue,"EGP 4,490.00",,2.5 out of 5(2),https://www.jumia.com.eg/honor-x5b-plus-6.56-inch-4gb128gb-dual-sim-4g-mobile-phone-ocean-blue-125446288.html,https://eg.jumia.is/unsafe/fit-in/300x300/filters:fill(white)/product/88/2644521/1.jpg?3777,Honor
XIAOMI Redmi Note 14 Mobile Phone -6.7 Inches - 256GB/8GB - Dual SIM 4G -Midnight Black,"EGP 9,888.00",,5 out of 5(1),https://www.jumia.com.eg/xiaomi-redmi-note-14-mobile-phone-6.7-inches-256gb8gb-dual-sim-4g-midnight-black-133541106.html,https://eg.jumia.is/unsafe/fit-in/300x300/filters:fill(white)/product/60/1145331/1.jpg?5138,XIAOMI
Samsung A06 - 6.7 Inch 64GB/4GB Dual SIM 4G Mobile Phone - Black,"EGP 4,699.00",,3.8 out of 5(38),https://www.jumia.com.eg/a06-6.7-inch-64gb4gb-dual-sim-4g-mobile-phone-black-samsung-mpg3818088.html,https://eg.jumia.is/unsafe/fit-in/300x300/filters:fill(white)/product/03/5040031/1.jpg?0374,Samsung
Infinix Hot 50i - 6.7 Inch 128GB/6GB Dual SIM 4G Mobile Phone - Sleek Black,"EGP 5,050.00",,,https://www.jumia.com.eg/infinix-hot-50i-6.7-inch-128gb6gb-dual-sim-4g-mobile-phone-sleek-black-133536221.html,https://eg.jumia.is/unsafe/fit-in/300x300/filters:fill(white)/product/12/2635331/1.jpg?0897,Infinix
Honor X8c – 6.7 inches Dual SIM 4G 512GB/8GB Mobile Phone - Midnight Black + Free Earbuds X6 - White,"EGP 12,890.00",,5 out of 5(1),https://www.jumia.com.eg/honor-x8c-6.7-inches-dual-sim-4g-512gb8gb-mobile-phone-midnight-black-free-earbuds-x6-white-131555398.html,https://eg.jumia.is/unsafe/fit-in/300x300/filters:fill(white)/product/89/3555131/1.jpg?6615,Honor
Apple IPhone 13 - 6.1 Inch Single SIM 5G 128GB/4GBMobile Phone - Starlight,"EGP 31,499.00",,5 out of 5(2),https://www.jumia.com.eg/apple-iphone-13-6.1-inch-single-sim-5g-128gb4gbmobile-phone-starlight-47014657.html,https://eg.jumia.is/unsafe/fit-in/300x300/filters:fill(white)/product/75/641074/1.jpg?6170,Apple
XIAOMI Redmi A3  - 6.7 Inches &ndash; Dual Sim 4G 64GB/3GB - Forest Green,"EGP 3,998.00",,4 out of 5(7),https://www.jumia.com.eg/redmi-a3-dual-sim-4g-64gb3gb-forest-green-xiaomi-mpg3818434.html,https://eg.jumia.is/unsafe/fit-in/300x300/filters:fill(white)/product/17/4220501/1.jpg?5725,XIAOMI
"Samsung Galaxy A06 Dual SIM, 128GB, 4GB RAM, 4G LTE - Gold","EGP 5,305.00",,,https://www.jumia.com.eg/samsung-galaxy-a06-dual-sim-128gb-4gb-ram-4g-lte-gold-132060308.html,https://eg.jumia.is/unsafe/fit-in/300x300/filters:fill(white)/product/80/3060231/1.jpg?9998,Samsung
"Honor 200 - 6.7"" 256GB/12GB Dual SIM 5G Mobile Phone - Emerald Green","EGP 20,499.00",,5 out of 5(1),https://www.jumia.com.eg/200-6.7-inch-12gb256gb-dual-sim-5g-mobile-phone-emerald-green-honor-mpg3818102.html,https://eg.jumia.is/unsafe/fit-in/300x300/filters:fill(white)/product/93/1899921/1.jpg?8214,Honor
"Honor 200 - 6.7"" 256GB/12GB Dual SIM 5G Mobile Phone - Moonlight White","EGP 20,499.00",,5 out of 5(3),https://www.jumia.com.eg/200-6.7-256gb12gb-dual-sim-5g-mobile-phone-moonlight-white-honor-mpg3818103.html,https://eg.jumia.is/unsafe/fit-in/300x300/filters:fill(white)/product/04/1899921/1.jpg?0938,Honor
Honor X8c – 6.7 inches Dual SIM 4G 512GB/8GB Mobile Phone - Marrs Green + Free Earbuds X6 - White,"EGP 12,890.00",,,https://www.jumia.com.eg/honor-x8c-6.7-inches-dual-sim-4g-512gb8gb-mobile-phone-marrs-green-free-earbuds-x6-white-131555400.html,https://eg.jumia.is/unsafe/fit-in/300x300/filters:fill(white)/product/00/4555131/1.jpg?6692,Honor
Honor X5b - 6.56-inch 4GB/64GB Dual Sim 4G Mobile Phone - Midnight Black,"EGP 4,020.00",,4.6 out of 5(26),https://www.jumia.com.eg/x5b-6.5-64gb4gb-dual-sim-4g-mobile-phone-midnight-black-honor-mpg3818117.html,https://eg.jumia.is/unsafe/fit-in/300x300/filters:fill(white)/product/13/8544521/1.jpg?6288,Honor
Samsung Galaxy S23 Ultra - Dual SIM - 5G 256GB/12GB - Green Refurbished - Gold Grade.,"EGP 38,899.00",,,https://www.jumia.com.eg/samsung-galaxy-s23-ultra-dual-sim-5g-256gb12gb-green-refurbished-gold-grade.-132905541.html,https://eg.jumia.is/unsafe/fit-in/300x300/filters:fill(white)/product/14/5509231/1.jpg?2611,Samsung
"Samsung Galaxy A16 - 6.7"" 128GB/6GB Dual SIM 4G Mobile Phone - Grey","EGP 8,099.00",,4.6 out of 5(62),https://www.jumia.com.eg/galaxy-a16-6.7-128gb6gb-dual-sim-4g-mobile-phone-grey-with-free-25w-samsung-super-fast-charger-samsung-mpg3818563.html,https://eg.jumia.is/unsafe/fit-in/300x300/filters:fill(white)/product/25/8898421/1.jpg?2542,Samsung
Apple IPhone 15 Single SIM 5G 128GB/6GB - 6.1 Inch Mobile Phone Pink,"EGP 44,820.00",,,https://www.jumia.com.eg/apple-iphone-15-single-sim-5g-128gb6gb-6.1-inch-mobile-phone-pink-130483567.html,https://eg.jumia.is/unsafe/fit-in/300x300/filters:fill(white)/product/76/5384031/1.jpg?4987,Apple
"XIAOMI Poco C75 - 6.8"" 256GB/8GB Dual SIM 4G Mobile Phone - Black","EGP 6,222.00",,,https://www.jumia.com.eg/xiaomi-poco-c75-6.8-256gb8gb-dual-sim-4g-mobile-phone-black-133541111.html,https://eg.jumia.is/unsafe/fit-in/300x300/filters:fill(white)/product/11/1145331/1.jpg?5450,XIAOMI
"OPPO Mobile Reno 13F, 256GB, 8GB RAM, 4G, Dual SIM - Graphite Grey","EGP 15,477.00",,5 out of 5(2),https://www.jumia.com.eg/oppo-mobile-reno-13f-256gb-8gb-ram-4g-dual-sim-graphite-grey-130188953.html,https://eg.jumia.is/unsafe/fit-in/300x300/filters:fill(white)/product/35/9881031/1.jpg?7324,OPPO
XIAOMI Redmi Note 14 Pro+ - 6.6 Inch 256GB/12GB Dual SIM 4G Mobile Phone - Blue + Free Redmi Watch 5 Active - Black,"EGP 21,999.00",,5 out of 5(1),https://www.jumia.com.eg/xiaomi-redmi-note-14-pro-6.6-inch-256gb12gb-dual-sim-4g-mobile-phone-blue-free-redmi-watch-5-active-black-130936431.html,https://eg.jumia.is/unsafe/fit-in/300x300/filters:fill(white)/product/13/4639031/1.jpg?8502,XIAOMI
Tecno Spark 30 Pro Mobile Phone – Dual SIM – 4G – 256GB – 8GB RAM – Arctic Glow,"EGP 9,899.00",,,https://www.jumia.com.eg/tecno-spark-30-pro-mobile-phone-dual-sim-4g-256gb-8gb-ram-arctic-glow-133540696.html,https://eg.jumia.is/unsafe/fit-in/300x300/filters:fill(white)/product/69/6045331/1.jpg?5952,Tecno
Tecno Spark Go 1 Mobile Phone – Dual SIM – 4G – 64GB – 3GB RAM – Startrail Black,"EGP 3,999.00",,,https://www.jumia.com.eg/tecno-spark-go-1-mobile-phone-dual-sim-4g-64gb-3gb-ram-startrail-black-133540688.html,https://eg.jumia.is/unsafe/fit-in/300x300/filters:fill(white)/product/88/6045331/1.jpg?5854,Tecno
Tecno Spark 30 Mobile Phone – Dual SIM – 4G – 256GB – 8GB RAM – Stellar Shadow,"EGP 7,299.00",,,https://www.jumia.com.eg/tecno-spark-30-mobile-phone-dual-sim-4g-256gb-8gb-ram-stellar-shadow-133540693.html,https://eg.jumia.is/unsafe/fit-in/300x300/filters:fill(white)/product/39/6045331/1.jpg?5925,Tecno
Tecno Spark 30 Pro Mobile Phone – Dual SIM – 4G – 256GB – 8GB RAM – Obsidian Edge,"EGP 9,899.00",,,https://www.jumia.com.eg/tecno-spark-30-pro-mobile-phone-dual-sim-4g-256gb-8gb-ram-obsidian-edge-133540695.html,https://eg.jumia.is/unsafe/fit-in/300x300/filters:fill(white)/product/59/6045331/1.jpg?6002,Tecno
Tecno Spark Go 1 Mobile Phone – Dual SIM – 4G – 64GB – 3GB RAM – Glittery White,"EGP 3,999.00",,,https://www.jumia.com.eg/tecno-spark-go-1-mobile-phone-dual-sim-4g-64gb-3gb-ram-glittery-white-133540689.html,https://eg.jumia.is/unsafe/fit-in/300x300/filters:fill(white)/product/98/6045331/1.jpg?5893,Tecno
Tecno Spark 30C Mobile Phone – Dual SIM – 4G – 256GB – 8GB RAM – Orbit Black,"EGP 6,399.00",,,https://www.jumia.com.eg/tecno-spark-30c-mobile-phone-dual-sim-4g-256gb-8gb-ram-orbit-black-133540691.html,https://eg.jumia.is/unsafe/fit-in/300x300/filters:fill(white)/product/19/6045331/1.jpg?5913,Tecno
Tecno Spark Go 1 Mobile Phone – Dual SIM – 4G – 128GB – 4GB RAM – Startrail Black,"EGP 4,399.00",,,https://www.jumia.com.eg/tecno-spark-go-1-mobile-phone-dual-sim-4g-128gb-4gb-ram-startrail-black-133540686.html,https://eg.jumia.is/unsafe/fit-in/300x300/filters:fill(white)/product/68/6045331/1.jpg?5806,Tecno
Tecno Spark 30C Mobile Phone – Dual SIM – 4G – 256GB – 8GB RAM – Orbit White,"EGP 6,500.00",,,https://www.jumia.com.eg/tecno-spark-30c-mobile-phone-dual-sim-4g-256gb-8gb-ram-orbit-white-133540692.html,https://eg.jumia.is/unsafe/fit-in/300x300/filters:fill(white)/product/29/6045331/1.jpg?5988,Tecno
Tecno Spark Go 1 Mobile Phone – Dual SIM – 4G – 128GB – 4GB RAM – Glittery White,"EGP 4,399.00",,,https://www.jumia.com.eg/tecno-spark-go-1-mobile-phone-dual-sim-4g-128gb-4gb-ram-glittery-white-133540687.html,https://eg.jumia.is/unsafe/fit-in/300x300/filters:fill(white)/product/78/6045331/1.jpg?5831,Tecno
Tecno Spark Go 1 Mobile Phone – Dual SIM – 4G – 64GB – 3GB RAM – Magic Skin Green,"EGP 3,999.00",,,https://www.jumia.com.eg/tecno-spark-go-1-mobile-phone-dual-sim-4g-64gb-3gb-ram-magic-skin-green-133540690.html,https://eg.jumia.is/unsafe/fit-in/300x300/filters:fill(white)/product/09/6045331/1.jpg?5936,Tecno
Tecno Spark 30 Mobile Phone – Dual SIM – 4G – 256GB – 8GB RAM – Astral Ice,"EGP 7,299.00",,,https://www.jumia.com.eg/tecno-spark-30-mobile-phone-dual-sim-4g-256gb-8gb-ram-astral-ice-133540694.html,https://eg.jumia.is/unsafe/fit-in/300x300/filters:fill(white)/product/49/6045331/1.jpg?5967,Tecno
"realme MOBILE C61, 128GB, 6GB RAM, 4G LTE, Dual SIM - Sparkle Gold","EGP 6,150.00",,,https://www.jumia.com.eg/realme-mobile-c61-128gb-6gb-ram-4g-lte-dual-sim-sparkle-gold-130922310.html,https://eg.jumia.is/unsafe/fit-in/300x300/filters:fill(white)/product/01/3229031/1.jpg?9372,realme
Samsung Galaxy S24 Ultra - 6.8 Inch - 256GB/12GB RAM - 5G - Dual SIM Mobile Phone - Titanium Gray,"EGP 48,600.00",,5 out of 5(1),https://www.jumia.com.eg/galaxy-s24-ultra-6.8-inch-256gb12gb-ram-5g-dual-sim-mobile-phone-titanium-gray-samsung-mpg3818587.html,https://eg.jumia.is/unsafe/fit-in/300x300/filters:fill(white)/product/95/979226/1.jpg?9057,Samsung
"Redmi Note 14 Smartphone, 8 + 256 GB, Black,18 Month Manufacturer Warranty","EGP 9,885.00",,5 out of 5(2),https://www.jumia.com.eg/redmi-note-14-smartphone-8-256-gb-black18-month-manufacturer-warranty-130660833.html,https://eg.jumia.is/unsafe/fit-in/300x300/filters:fill(white)/product/33/8066031/1.jpg?6938,Redmi
Honor X5b - 6.56-inch 4GB/64GB Dual Sim 4G Mobile Phone - Ocean Blue,"EGP 4,020.00",,4.5 out of 5(21),https://www.jumia.com.eg/x5b-6.5-64gb4gb-dual-sim-4g-mobile-phone-ocean-blue-honor-mpg3818118.html,https://eg.jumia.is/unsafe/fit-in/300x300/filters:fill(white)/product/22/9544521/1.jpg?6526,Honor
XIAOMI POCO X7 Pro Dual SIM Black 12GB RAM 512GB 5G,"EGP 24,000.00",,,https://www.jumia.com.eg/xiaomi-poco-x7-pro-dual-sim-black-12gb-ram-512gb-5g-130365397.html,https://eg.jumia.is/unsafe/fit-in/300x300/filters:fill(white)/product/79/3563031/1.jpg?4315,XIAOMI
Samsung Galaxy A06 Dual SIM 4G 64GB/4GB - Black,"EGP 4,559.00",,5 out of 5(1),https://www.jumia.com.eg/samsung-galaxy-a06-dual-sim-4g-64gb4gb-black-132354515.html,https://eg.jumia.is/unsafe/fit-in/300x300/filters:fill(white)/product/51/5453231/1.jpg?4906,Samsung
Motorola G85 mobile phone Dual SIM 5G 256GB/12GB - Cobalt Blue,"EGP 14,022.00",,,https://www.jumia.com.eg/motorola-g85-mobile-phone-dual-sim-5g-256gb12gb-cobalt-blue-130266043.html,https://eg.jumia.is/unsafe/fit-in/300x300/filters:fill(white)/product/34/0662031/1.jpg?2066,Motorola
"Honor 200 - 6.7"" 512GB/12GB Dual SIM 5G Mobile Phone - Moonlight White","EGP 25,131.00",,4 out of 5(4),https://www.jumia.com.eg/200-6.7-512gb12gb-dual-sim-5g-mobile-phone-moonlight-white-honor-mpg3818105.html,https://eg.jumia.is/unsafe/fit-in/300x300/filters:fill(white)/product/24/1899921/1.jpg?0943,Honor
Samsung A06 - 6.7 Inch 64GB/4GB Dual SIM 4G Mobile Phone - Light Blue,"EGP 4,740.00",,4.5 out of 5(31),https://www.jumia.com.eg/mobile-galaxy-a06-dual-sim-64gb-4gb-ram-4g-lte-light-blue-samsung-mpg3818089.html,https://eg.jumia.is/unsafe/fit-in/300x300/filters:fill(white)/product/82/5040031/1.jpg?0434,Samsung
"OPPO  Mobile A3 Dual SIM, 128GB, 6GB RAM, 4G LTE - Starlight White","EGP 8,022.00",,4 out of 5(6),https://www.jumia.com.eg/a3-6.6-128gb6gb-dual-sim-4g-mobile-phone-starlight-white-oppo-mpg3818342.html,https://eg.jumia.is/unsafe/fit-in/300x300/filters:fill(white)/product/48/2417821/1.jpg?1144,OPPO
"XIAOMI Redmi A5 Dual Sim 4G, 4GB RAM, 64GB, Mobile phone - Midnight Black","EGP 4,399.00",,,https://www.jumia.com.eg/xiaomi-redmi-a5-dual-sim-4g-4gb-ram-64gb-mobile-phone-midnight-black-133541104.html,https://eg.jumia.is/unsafe/fit-in/300x300/filters:fill(white)/product/40/1145331/1.jpg?5020,XIAOMI
Samsung Galaxy A06 Dual SIM 4G 128GB/4GB Mobile Phone - GOLD 6.7 Inch,"EGP 6,200.00",,3 out of 5(2),https://www.jumia.com.eg/samsung-galaxy-a06-dual-sim-4g-128gb4gb-mobile-phone-gold-6.7-inch-130151097.html,https://eg.jumia.is/unsafe/fit-in/300x300/filters:fill(white)/product/79/0151031/1.jpg?8710,Samsung
Vivo V50 Dual SIM 256GB 12GB RAM5G -  Blue,"EGP 23,760.00",,,https://www.jumia.com.eg/vivo-v50-dual-sim-256gb-12gb-ram5g-blue-131421020.html,https://eg.jumia.is/unsafe/fit-in/300x300/filters:fill(white)/product/02/0124131/1.jpg?8364,Vivo
Samsung Galaxy S24 FE Mobile Phone – Dual SIM – 5G – 256GB – 8GB RAM – Gray,"EGP 33,999.00",,5 out of 5(1),https://www.jumia.com.eg/samsung-galaxy-s24-fe-mobile-phone-dual-sim-5g-256gb-8gb-ram-gray-133517798.html,https://eg.jumia.is/unsafe/fit-in/300x300/filters:fill(white)/product/89/7715331/1.jpg?9761,Samsung
Infinix Smart 9 Dual SIM 4+4 GB RAM 128GB  4G - Sandstone Gold,"EGP 4,382.00",,5 out of 5(2),https://www.jumia.com.eg/mobile-smart-9-dual-sim-44gb-ram-128gb-4g-sandstone-gold-infinix-mpg3818274.html,https://eg.jumia.is/unsafe/fit-in/300x300/filters:fill(white)/product/51/1700031/1.jpg?2071,Infinix
Sunelan Mobile s10 dual SIM Blue+Gold,EGP 449.00,,3.7 out of 5(3),https://www.jumia.com.eg/sunelan-mobile-s10-dual-sim-bluegold-129977930.html,https://eg.jumia.is/unsafe/fit-in/300x300/filters:fill(white)/product/03/9779921/1.jpg?7508,Sunelan
Honor 400 Dual SIM 5G 256GB/12GB Mobile Phone - Midnight Black,"EGP 21,630.00",,,https://www.jumia.com.eg/honor-400-dual-sim-5g-256gb12gb-mobile-phone-midnight-black-132999133.html,https://eg.jumia.is/unsafe/fit-in/300x300/filters:fill(white)/product/33/1999231/1.jpg?0824,Honor
Motorola G85 mobile phone Dual SIM 5G 256GB/12GB - Urban Grey,"EGP 12,599.00",,,https://www.jumia.com.eg/motorola-g85-mobile-phone-dual-sim-5g-256gb12gb-urban-grey-130266045.html,https://eg.jumia.is/unsafe/fit-in/300x300/filters:fill(white)/product/54/0662031/1.jpg?2144,Motorola
Infinix Hot 50i - 6.7 Inch 128GB/6GB Dual SIM 4G Mobile Phone - Titanium Grey,"EGP 5,050.00",,,https://www.jumia.com.eg/infinix-hot-50i-6.7-inch-128gb6gb-dual-sim-4g-mobile-phone-titanium-grey-133536222.html,https://eg.jumia.is/unsafe/fit-in/300x300/filters:fill(white)/product/22/2635331/1.jpg?0922,Infinix
"Samsung Galaxy A16 Dual SIM 4G 128GB/6GB Mobile Phone - Black 6.7 Inch With Wall Charger, 25 Watt, Type-C, Black - EP-T2510NBEGWW","EGP 8,593.00",,1 out of 5(1),https://www.jumia.com.eg/samsung-galaxy-a16-dual-sim-4g-128gb6gb-mobile-phone-black-6.7-inch-with-wall-charger-25-watt-type-c-black-ep-t2510nbegww-132041011.html,https://eg.jumia.is/unsafe/fit-in/300x300/filters:fill(white)/product/11/0140231/1.jpg?5077,Samsung
"Honor 200 - 6.7"" 512GB/12GB Dual SIM 5G Mobile Phone - Emerald Green","EGP 23,499.00",,1 out of 5(1),https://www.jumia.com.eg/200-6.7-512gb12gb-dual-sim-5g-mobile-phone-emerald-green-honor-mpg3818104.html,https://eg.jumia.is/unsafe/fit-in/300x300/filters:fill(white)/product/14/1899921/1.jpg?0941,Honor
XIAOMI Redmi 13 – 6.7 Inch 256GB/8GB Dual SIM 4G Mobile Phone - Midnight Black,"EGP 7,399.00",,,https://www.jumia.com.eg/xiaomi-redmi-13-6.7-inch-256gb8gb-dual-sim-4g-mobile-phone-midnight-black-133541107.html,https://eg.jumia.is/unsafe/fit-in/300x300/filters:fill(white)/product/70/1145331/1.jpg?5202,XIAOMI
Honor Magic V3 Dual SIM 5G 512GB/12GB - Tundra Green + Free Choice 2i Watch - Black + Free Choice X7 Lite Earbuds Clip,"EGP 69,999.00",,,https://www.jumia.com.eg/honor-magic-v3-dual-sim-5g-512gb12gb-tundra-green-free-choice-2i-watch-black-free-choice-x7-lite-earbuds-clip-130983034.html,https://eg.jumia.is/unsafe/fit-in/300x300/filters:fill(white)/product/43/0389031/1.jpg?3123,Honor
Samsung Galaxy S25 Ultra Dual SIM 5G 256GB/12GB - 6.9 Inch Mobile Phone Titanium Gray,"EGP 60,480.00",,5 out of 5(1),https://www.jumia.com.eg/samsung-galaxy-s25-ultra-dual-sim-5g-256gb12gb-6.9-inch-mobile-phone-titanium-gray-130163159.html,https://eg.jumia.is/unsafe/fit-in/300x300/filters:fill(white)/product/95/1361031/1.jpg?8782,Samsung
Motorola G85 mobile phone Dual SIM 5G 256GB/12GB - Olive Green,"EGP 14,022.00",,,https://www.jumia.com.eg/motorola-g85-mobile-phone-dual-sim-5g-256gb12gb-olive-green-130266044.html,https://eg.jumia.is/unsafe/fit-in/300x300/filters:fill(white)/product/44/0662031/1.jpg?2110,Motorola
"OPPO Reno 13 - 6.67"" 256GB/12GB Dual SIM 5G Mobile Phone - Luminous Blue","EGP 29,160.00",,,https://www.jumia.com.eg/oppo-reno-13-6.67-256gb12gb-dual-sim-5g-mobile-phone-luminous-blue-130195077.html,https://eg.jumia.is/unsafe/fit-in/300x300/filters:fill(white)/product/77/0591031/1.jpg?4103,OPPO
Vivo V40 - 6.78-inch 256GB/12GB Dual Sim 5G Mobile Phone - Purple,"EGP 22,660.00",,,https://www.jumia.com.eg/v40-6.78-inch-256gb12gb-dual-sim-5g-mobile-phone-purple-vivo-mpg3818644.html,https://eg.jumia.is/unsafe/fit-in/300x300/filters:fill(white)/product/68/3001321/1.jpg?0067,Vivo
Honor X9c 5G- 6.78-inch 12GB/256GB Dual Sim  Mobile Phone - Titanium Black,"EGP 18,140.00",,4.7 out of 5(17),https://www.jumia.com.eg/x9c-5g-6.78-inch-12gb256gb-dual-sim-mobile-phone-titanium-black-honor-mpg3818146.html,https://eg.jumia.is/unsafe/fit-in/300x300/filters:fill(white)/product/79/9644521/1.jpg?4328,Honor
"XIAOMI Redmi A3 - 6.7""  64GB/3GB Dual SIM 4G Mobile Phone - Star Blue","EGP 4,158.00",,4.1 out of 5(9),https://www.jumia.com.eg/xiaomi-redmi-a3-6.7-64gb3gb-dual-sim-4g-mobile-phone-star-blue-105944421.html,https://eg.jumia.is/unsafe/fit-in/300x300/filters:fill(white)/product/12/4449501/1.jpg?3824,XIAOMI
"OPPO A3x - 6.6"" 128GB/4GB Dual SIM 4G Mobile Phone - Ocean Blue","EGP 6,858.00",,4 out of 5(33),https://www.jumia.com.eg/a3x-6.67-inch-128gb4gb-dual-sim-4g-mobile-phone-ocean-blue-oppo-mpg3818338.html,https://eg.jumia.is/unsafe/fit-in/300x300/filters:fill(white)/product/89/3985111/1.jpg?9205,OPPO
"OPPO Reno 13 - 6.67"" 256GB/12GB Dual SIM 5G Mobile Phone - Plume White","EGP 29,160.00",,,https://www.jumia.com.eg/oppo-reno-13-6.67-256gb12gb-dual-sim-5g-mobile-phone-plume-white-130189586.html,https://eg.jumia.is/unsafe/fit-in/300x300/filters:fill(white)/product/68/5981031/1.jpg?3992,OPPO
XIAOMI Redmi 14C Dual SIM 4G 256GB/8GB Mobile Phone 6.74 Inches - Dreamy Purple,"EGP 6,920.00",,,https://www.jumia.com.eg/xiaomi-redmi-14c-dual-sim-4g-256gb8gb-mobile-phone-6.74-inches-dreamy-purple-131931911.html,https://eg.jumia.is/unsafe/fit-in/300x300/filters:fill(white)/product/11/9139131/1.jpg?6549,XIAOMI
Infinix Smart 9 - 6.7 Inch - Dual SIM Mobile Phone 4G 64GB/3GB - Mint Green,"EGP 3,969.00",,3.3 out of 5(4),https://www.jumia.com.eg/infinix-smart-9-6.7-inch-dual-sim-mobile-phone-4g-64gb3gb-mint-green-130069519.html,https://eg.jumia.is/unsafe/fit-in/300x300/filters:fill(white)/product/91/5960031/1.jpg?4823,Infinix
Samsung Galaxy S24 FE Mobile Phone – Dual SIM – 5G – 256GB – 8GB RAM – Blue,"EGP 33,999.00",,,https://www.jumia.com.eg/samsung-galaxy-s24-fe-mobile-phone-dual-sim-5g-256gb-8gb-ram-blue-133517796.html,https://eg.jumia.is/unsafe/fit-in/300x300/filters:fill(white)/product/69/7715331/1.jpg?9711,Samsung
Honor X9c 5G- 6.78-inch 12GB/256GB Dual Sim  Mobile Phone - Sunrise Orange,"EGP 18,140.00",,4.7 out of 5(19),https://www.jumia.com.eg/x9c-5g-6.78-inch-12gb256gb-dual-sim-mobile-phone-sunrise-orange-honor-mpg3818148.html,https://eg.jumia.is/unsafe/fit-in/300x300/filters:fill(white)/product/48/0744521/1.jpg?2345,Honor
"Infinix Hot 50i (RAM: 6+6GB, ROM: 128GB ),6.7 Inch, 120Hz IPS LCD Display, Processor: Mediatek Helio G81, 5000 MAhBattery, Android 14, Sleek Black","EGP 5,000.00",,5 out of 5(3),https://www.jumia.com.eg/hot-50i-ram-66gb-rom-128gb-6.7-inch-120hz-ips-lcd-display-processor-mediatek-helio-g81-5000-mahbattery-android-14-sleek-black-infinix-mpg3845435.html,https://eg.jumia.is/unsafe/fit-in/300x300/filters:fill(white)/product/74/5611231/1.jpg?0325,Infinix
"Honor 200 Pro - 6.7"" 512GB/12GB Dual SIM 5G Mobile Phone - Moonlight White + Free Honor Choice Watch Black","EGP 30,799.00",,,https://www.jumia.com.eg/honor-200-pro-6.7-512gb12gb-dual-sim-5g-mobile-phone-moonlight-white-free-honor-choice-watch-black-131714881.html,https://eg.jumia.is/unsafe/fit-in/300x300/filters:fill(white)/product/18/8417131/1.jpg?5122,Honor
"OPPO Reno 13F - 6.67"" 256GB/12GB Dual SIM 5G Mobile Phone - Graphite Grey","EGP 19,872.00",,5 out of 5(1),https://www.jumia.com.eg/oppo-reno-13f-6.67-256gb12gb-dual-sim-5g-mobile-phone-graphite-grey-130201797.html,https://eg.jumia.is/unsafe/fit-in/300x300/filters:fill(white)/product/79/7102031/1.jpg?7564,OPPO
"XIAOMI Redmi 14C Dual SIM, 256GB, 8GB RAM, 4G LTE - Starry Blue","EGP 6,744.00",,4.1 out of 5(13),https://www.jumia.com.eg/redmi-14c-dual-sim-256gb-8gb-ram-4g-lte-starry-blue-xiaomi-mpg3818423.html,https://eg.jumia.is/unsafe/fit-in/300x300/filters:fill(white)/product/14/5387421/1.jpg?6125,XIAOMI
"Motorola MOBILE Moto G85 Dual Sim – 256GB,  12+12GB RAM , 5G , GREY","EGP 13,607.00",,,https://www.jumia.com.eg/motorola-mobile-moto-g85-dual-sim-256gb-1212gb-ram-5g-grey-129766760.html,https://eg.jumia.is/unsafe/fit-in/300x300/filters:fill(white)/product/06/7667921/1.jpg?2630,Motorola
Tecno Spark 30 Pro Mobile Phone – Dual SIM – 4G – 256GB – 8GB RAM – Arctic Glow,"EGP 9,899.00",,,https://www.jumia.com.eg/tecno-spark-30-pro-mobile-phone-dual-sim-4g-256gb-8gb-ram-arctic-glow-133540696.html,https://eg.jumia.is/unsafe/fit-in/300x300/filters:fill(white)/product/69/6045331/1.jpg?5952,Tecno
Tecno Spark Go 1 Mobile Phone – Dual SIM – 4G – 64GB – 3GB RAM – Startrail Black,"EGP 3,999.00",,,https://www.jumia.com.eg/tecno-spark-go-1-mobile-phone-dual-sim-4g-64gb-3gb-ram-startrail-black-133540688.html,https://eg.jumia.is/unsafe/fit-in/300x300/filters:fill(white)/product/88/6045331/1.jpg?5854,Tecno
Tecno Spark 30 Mobile Phone – Dual SIM – 4G – 256GB – 8GB RAM – Stellar Shadow,"EGP 7,299.00",,,https://www.jumia.com.eg/tecno-spark-30-mobile-phone-dual-sim-4g-256gb-8gb-ram-stellar-shadow-133540693.html,https://eg.jumia.is/unsafe/fit-in/300x300/filters:fill(white)/product/39/6045331/1.jpg?5925,Tecno
Tecno Spark 30 Pro Mobile Phone – Dual SIM – 4G – 256GB – 8GB RAM – Obsidian Edge,"EGP 9,899.00",,,https://www.jumia.com.eg/tecno-spark-30-pro-mobile-phone-dual-sim-4g-256gb-8gb-ram-obsidian-edge-133540695.html,https://eg.jumia.is/unsafe/fit-in/300x300/filters:fill(white)/product/59/6045331/1.jpg?6002,Tecno
Tecno Spark Go 1 Mobile Phone – Dual SIM – 4G – 64GB – 3GB RAM – Glittery White,"EGP 3,999.00",,,https://www.jumia.com.eg/tecno-spark-go-1-mobile-phone-dual-sim-4g-64gb-3gb-ram-glittery-white-133540689.html,https://eg.jumia.is/unsafe/fit-in/300x300/filters:fill(white)/product/98/6045331/1.jpg?5893,Tecno
Tecno Spark 30C Mobile Phone – Dual SIM – 4G – 256GB – 8GB RAM – Orbit Black,"EGP 6,399.00",,,https://www.jumia.com.eg/tecno-spark-30c-mobile-phone-dual-sim-4g-256gb-8gb-ram-orbit-black-133540691.html,https://eg.jumia.is/unsafe/fit-in/300x300/filters:fill(white)/product/19/6045331/1.jpg?5913,Tecno
Tecno Spark Go 1 Mobile Phone – Dual SIM – 4G – 128GB – 4GB RAM – Startrail Black,"EGP 4,399.00",,,https://www.jumia.com.eg/tecno-spark-go-1-mobile-phone-dual-sim-4g-128gb-4gb-ram-startrail-black-133540686.html,https://eg.jumia.is/unsafe/fit-in/300x300/filters:fill(white)/product/68/6045331/1.jpg?5806,Tecno
Tecno Spark 30C Mobile Phone – Dual SIM – 4G – 256GB – 8GB RAM – Orbit White,"EGP 6,500.00",,,https://www.jumia.com.eg/tecno-spark-30c-mobile-phone-dual-sim-4g-256gb-8gb-ram-orbit-white-133540692.html,https://eg.jumia.is/unsafe/fit-in/300x300/filters:fill(white)/product/29/6045331/1.jpg?5988,Tecno
Tecno Spark Go 1 Mobile Phone – Dual SIM – 4G – 128GB – 4GB RAM – Glittery White,"EGP 4,399.00",,,https://www.jumia.com.eg/tecno-spark-go-1-mobile-phone-dual-sim-4g-128gb-4gb-ram-glittery-white-133540687.html,https://eg.jumia.is/unsafe/fit-in/300x300/filters:fill(white)/product/78/6045331/1.jpg?5831,Tecno
Tecno Spark Go 1 Mobile Phone – Dual SIM – 4G – 64GB – 3GB RAM – Magic Skin Green,"EGP 3,999.00",,,https://www.jumia.com.eg/tecno-spark-go-1-mobile-phone-dual-sim-4g-64gb-3gb-ram-magic-skin-green-133540690.html,https://eg.jumia.is/unsafe/fit-in/300x300/filters:fill(white)/product/09/6045331/1.jpg?5936,Tecno
Tecno Spark 30 Mobile Phone – Dual SIM – 4G – 256GB – 8GB RAM – Astral Ice,"EGP 7,299.00",,,https://www.jumia.com.eg/tecno-spark-30-mobile-phone-dual-sim-4g-256gb-8gb-ram-astral-ice-133540694.html,https://eg.jumia.is/unsafe/fit-in/300x300/filters:fill(white)/product/49/6045331/1.jpg?5967,Tecno
